customer_id,experiment_group,customer_segment,effect_value,experiment_duration_days,signup_date,region,age_group,is_mobile
CUST_01179,control,New,30.18,27,2024-02-29,North,18-25,True
CUST_00866,control,Basic,36.85,12,2024-06-26,North,26-35,False
CUST_00102,treatment,Premium,0.0,11,2024-10-15,North,55+,False
CUST_00440,control,Standard,0.0,28,2024-04-10,East,18-25,True
CUST_00059,treatment,Premium,84.49,11,2024-07-10,East,18-25,True
CUST_01121,treatment,New,0.0,19,2024-02-27,North,18-25,False
CUST_00324,control,Standard,0.0,15,2024-06-16,South,46-55,False
CUST_00975,treatment,New,12.32,26,2024-06-01,South,18-25,False
CUST_00412,treatment,Standard,49.6,13,2024-01-13,South,55+,True
CUST_00856,control,Basic,16.8,19,2024-05-08,South,36-45,True
CUST_00821,treatment,Basic,0.0,8,2024-11-28,East,26-35,True
CUST_00045,treatment,Premium,75.87,21,2024-02-23,East,46-55,True
CUST_00050,control,Premium,0.0,13,2024-07-10,East,55+,False
CUST_00850,control,Basic,0.0,21,2024-09-14,East,46-55,True
CUST_00241,control,Premium,0.0,18,2024-06-21,South,36-45,True
CUST_00171,control,Premium,0.0,30,2024-01-03,West,36-45,False
CUST_00524,control,Standard,18.13,29,2024-05-25,South,18-25,False
CUST_00766,control,Basic,0.0,8,2024-04-06,North,18-25,True
CUST_00839,treatment,Basic,0.0,16,2024-01-10,South,36-45,False
CUST_00424,treatment,Standard,68.84,8,2024-08-13,West,55+,True
CUST_00381,control,Standard,24.68,18,2024-01-21,West,36-45,True
CUST_00610,control,Basic,18.22,28,2024-10-17,South,18-25,False
CUST_00677,treatment,Basic,0.0,16,2024-02-02,South,55+,False
CUST_00345,control,Standard,0.0,25,2024-04-29,South,55+,True
CUST_00110,treatment,Premium,74.23,9,2024-04-03,East,18-25,True
CUST_00278,control,Premium,48.83,7,2024-01-10,South,26-35,False
CUST_00678,control,Basic,12.91,15,2024-09-02,North,46-55,True
CUST_00571,control,Standard,42.79,21,2024-05-19,North,55+,False
CUST_00359,control,Standard,31.17,15,2024-02-08,North,36-45,False
CUST_00599,treatment,Standard,0.0,18,2024-12-02,East,36-45,False
CUST_00391,control,Standard,0.0,29,2024-07-26,South,55+,False
CUST_00894,treatment,Basic,34.0,12,2024-09-11,West,26-35,False
CUST_00693,control,Basic,0.0,10,2024-10-28,North,26-35,False
CUST_00728,control,Basic,0.0,12,2024-08-02,South,55+,False
CUST_00363,treatment,Standard,74.35,7,2024-05-06,West,26-35,True
CUST_00597,treatment,Standard,57.29,21,2024-01-05,South,46-55,False
CUST_00428,control,Standard,0.0,17,2024-11-16,North,46-55,False
CUST_00071,control,Premium,54.93,23,2024-11-07,North,55+,False
CUST_00322,treatment,Standard,68.8,13,2024-03-26,West,46-55,True
CUST_00653,control,Basic,0.0,27,2024-04-20,North,18-25,False
CUST_01066,treatment,New,23.94,12,2024-09-02,East,26-35,True
CUST_00108,treatment,Premium,71.85,17,2024-09-15,North,26-35,False
CUST_01109,treatment,New,0.0,19,2024-06-17,North,55+,False
CUST_00356,treatment,Standard,0.0,19,2024-12-05,West,18-25,True
CUST_00951,treatment,New,0.0,25,2024-08-19,South,55+,True
CUST_00343,control,Standard,38.04,26,2024-10-07,West,26-35,False
CUST_00355,treatment,Standard,47.66,16,2024-04-02,North,18-25,True
CUST_00024,treatment,Premium,79.73,7,2024-05-05,South,55+,False
CUST_00044,treatment,Premium,88.72,8,2024-10-14,East,36-45,True
CUST_00244,control,Premium,39.19,25,2024-04-09,West,26-35,True
CUST_00738,control,Basic,0.0,19,2024-01-01,South,46-55,False
CUST_01136,control,New,23.42,10,2024-05-31,West,36-45,False
CUST_00368,control,Standard,55.24,29,2024-10-27,East,26-35,True
CUST_00164,control,Premium,26.28,20,2024-01-29,South,18-25,True
CUST_01116,control,New,16.89,9,2024-02-22,East,36-45,False
CUST_00333,control,Standard,0.0,11,2024-08-14,North,46-55,True
CUST_00989,control,New,7.9,23,2024-02-12,East,26-35,False
CUST_01173,treatment,New,0.0,20,2024-08-04,East,26-35,False
CUST_01002,treatment,New,0.0,26,2024-03-18,West,18-25,True
CUST_00378,treatment,Standard,49.68,12,2024-07-14,South,46-55,True
CUST_00310,treatment,Standard,0.0,9,2024-05-08,West,18-25,False
CUST_00156,treatment,Premium,0.0,25,2024-09-20,East,55+,True
CUST_00211,control,Premium,0.0,28,2024-05-04,West,36-45,True
CUST_00087,control,Premium,58.23,8,2024-11-03,North,18-25,False
CUST_00169,control,Premium,0.0,16,2024-04-16,South,18-25,False
CUST_00995,control,New,26.0,26,2024-04-02,South,46-55,True
CUST_00052,treatment,Premium,74.07,26,2024-07-22,West,26-35,False
CUST_00439,control,Standard,28.41,17,2024-08-03,South,46-55,False
CUST_00550,control,Standard,32.87,21,2024-03-24,East,55+,False
CUST_00491,control,Standard,47.88,7,2024-06-30,North,18-25,False
CUST_00426,control,Standard,56.27,28,2024-08-20,North,36-45,False
CUST_00136,control,Premium,0.0,13,2024-12-14,West,18-25,True
CUST_01192,control,New,8.02,15,2024-04-26,East,36-45,True
CUST_00055,treatment,Premium,81.99,26,2024-05-31,West,26-35,True
CUST_00079,treatment,Premium,0.0,17,2024-12-06,South,18-25,False
CUST_00431,control,Standard,0.0,11,2024-10-20,South,26-35,False
CUST_00185,treatment,Premium,61.9,24,2024-11-01,South,55+,False
CUST_00057,control,Premium,45.14,16,2024-03-30,South,26-35,True
CUST_00943,control,New,22.36,9,2024-10-04,East,26-35,True
CUST_00851,control,Basic,0.0,27,2024-09-02,East,18-25,True
CUST_01164,control,New,14.35,9,2024-04-20,South,18-25,True
CUST_00219,treatment,Premium,94.95,30,2024-06-04,East,46-55,True
CUST_00845,treatment,Basic,0.0,26,2024-06-30,North,46-55,True
CUST_00114,treatment,Premium,67.09,25,2024-05-04,South,18-25,True
CUST_00549,control,Standard,27.0,8,2024-09-07,West,26-35,False
CUST_01019,control,New,0.0,26,2024-03-20,East,55+,True
CUST_01073,control,New,10.14,25,2024-07-31,West,55+,True
CUST_00175,treatment,Premium,77.65,11,2024-11-11,West,55+,False
CUST_01023,treatment,New,32.3,18,2024-12-22,North,36-45,True
CUST_00616,control,Basic,0.0,29,2024-07-27,West,26-35,False
CUST_00514,treatment,Standard,0.0,24,2024-02-17,South,46-55,True
CUST_00462,treatment,Standard,66.09,26,2024-09-01,East,18-25,True
CUST_00287,control,Premium,0.0,8,2024-01-11,South,18-25,False
CUST_00382,control,Standard,41.68,30,2024-05-04,East,55+,True
CUST_01008,control,New,0.0,19,2024-06-03,North,36-45,False
CUST_00671,control,Basic,23.03,9,2024-01-08,North,36-45,False
CUST_00535,control,Standard,0.0,10,2024-03-01,North,36-45,True
CUST_00910,treatment,New,0.0,15,2024-06-26,East,36-45,True
CUST_00293,control,Premium,52.41,25,2024-01-23,North,46-55,True
CUST_00124,control,Premium,0.0,16,2024-04-01,East,26-35,True
CUST_00583,control,Standard,42.63,8,2024-12-16,South,46-55,False
CUST_00141,control,Premium,44.77,8,2024-07-13,East,46-55,False
CUST_00736,control,Basic,20.15,24,2024-07-24,South,36-45,True
CUST_00082,treatment,Premium,80.47,7,2024-02-20,North,55+,False
CUST_00882,treatment,Basic,0.0,28,2024-10-19,South,36-45,True
CUST_00740,treatment,Basic,4.05,30,2024-04-03,North,46-55,True
CUST_01102,control,New,36.83,8,2024-02-01,South,46-55,True
CUST_00909,control,New,27.52,17,2024-11-20,East,55+,False
CUST_01167,treatment,New,28.29,13,2024-05-17,South,18-25,True
CUST_00937,treatment,New,0.0,7,2024-01-16,East,26-35,False
CUST_00372,control,Standard,0.0,7,2024-06-15,South,46-55,True
CUST_00890,control,Basic,0.0,7,2024-04-08,East,46-55,True
CUST_00157,control,Premium,58.34,18,2024-05-22,East,26-35,True
CUST_00992,control,New,0.0,25,2024-12-09,South,36-45,False
CUST_00622,treatment,Basic,31.74,29,2024-09-26,South,55+,False
CUST_01038,treatment,New,11.79,18,2024-06-06,North,36-45,False
CUST_00245,treatment,Premium,71.65,21,2024-02-18,East,46-55,False
CUST_00159,control,Premium,30.48,13,2024-05-16,East,26-35,True
CUST_00746,control,Basic,0.0,7,2024-01-01,West,46-55,False
CUST_00193,control,Premium,45.81,14,2024-03-19,East,26-35,False
CUST_00534,treatment,Standard,0.0,24,2024-12-21,West,36-45,False
CUST_00904,control,New,23.4,24,2024-03-27,South,46-55,False
CUST_01004,treatment,New,0.0,21,2024-07-24,North,26-35,True
CUST_01070,treatment,New,0.0,17,2024-09-27,North,46-55,False
CUST_00414,treatment,Standard,72.0,13,2024-10-18,South,36-45,False
CUST_01187,treatment,New,0.0,7,2024-03-28,West,18-25,False
CUST_00328,treatment,Standard,0.0,24,2024-02-11,West,46-55,False
CUST_00129,treatment,Premium,77.4,30,2024-01-25,East,46-55,False
CUST_00695,treatment,Basic,14.91,16,2024-10-27,South,46-55,True
CUST_00631,treatment,Basic,1.38,30,2024-09-29,West,55+,True
CUST_00275,treatment,Premium,60.4,29,2024-04-26,South,46-55,False
CUST_01148,control,New,0.0,24,2024-10-20,East,18-25,False
CUST_00309,treatment,Standard,38.2,11,2024-12-21,South,26-35,False
CUST_00234,control,Premium,0.0,27,2024-08-08,South,18-25,False
CUST_01048,treatment,New,25.69,19,2024-01-31,South,18-25,True
CUST_00623,treatment,Basic,22.05,9,2024-08-15,East,46-55,True
CUST_00644,control,Basic,26.99,12,2024-07-13,East,55+,True
CUST_00479,control,Standard,47.09,22,2024-11-21,North,36-45,False
CUST_00472,control,Standard,0.0,21,2024-08-02,South,36-45,False
CUST_00926,control,New,15.32,19,2024-05-16,South,18-25,False
CUST_01098,treatment,New,0.0,16,2024-04-08,North,36-45,False
CUST_00627,treatment,Basic,31.21,12,2024-04-25,East,18-25,False
CUST_00395,control,Standard,0.0,14,2024-01-23,North,26-35,False
CUST_00637,control,Basic,0.0,21,2024-09-02,West,55+,False
CUST_00768,control,Basic,0.0,12,2024-04-12,South,26-35,False
CUST_00533,treatment,Standard,42.8,27,2024-10-30,North,36-45,False
CUST_00718,control,Basic,28.83,15,2024-04-26,East,36-45,True
CUST_00667,treatment,Basic,27.46,12,2024-04-15,East,55+,False
CUST_00598,treatment,Standard,0.0,24,2024-09-29,North,55+,True
CUST_00482,treatment,Standard,58.32,23,2024-05-16,West,36-45,True
CUST_01103,treatment,New,0.0,19,2024-01-15,North,46-55,False
CUST_00315,treatment,Standard,67.85,21,2024-06-08,West,36-45,False
CUST_00729,treatment,Basic,26.28,25,2024-10-10,East,36-45,False
CUST_00210,control,Premium,60.31,27,2024-12-19,West,46-55,False
CUST_00934,treatment,New,29.35,14,2024-04-07,North,18-25,True
CUST_00434,treatment,Standard,59.45,18,2024-05-18,North,18-25,False
CUST_00329,control,Standard,0.0,24,2024-12-28,West,18-25,False
CUST_00261,treatment,Premium,54.85,19,2024-10-17,South,26-35,False
CUST_01117,treatment,New,0.0,14,2024-12-23,East,46-55,False
CUST_00307,treatment,Standard,59.27,17,2024-04-22,South,55+,False
CUST_01067,control,New,6.63,18,2024-09-23,West,26-35,False
CUST_00928,control,New,0.0,9,2024-11-06,East,18-25,False
CUST_01025,control,New,0.0,25,2024-04-08,East,36-45,False
CUST_00271,control,Premium,67.15,28,2024-01-14,East,55+,True
CUST_00291,treatment,Premium,0.0,19,2024-09-14,North,55+,True
CUST_00813,control,Basic,0.0,11,2024-10-08,South,46-55,False
CUST_00097,treatment,Premium,88.67,19,2024-09-30,South,36-45,True
CUST_00888,treatment,Basic,0.0,7,2024-12-23,South,36-45,True
CUST_00819,treatment,Basic,26.11,27,2024-12-27,North,46-55,False
CUST_00032,treatment,Premium,0.0,26,2024-03-15,North,46-55,False
CUST_00763,control,Basic,34.51,12,2024-02-14,North,26-35,True
CUST_00954,control,New,26.62,19,2024-01-17,East,36-45,False
CUST_00320,control,Standard,27.91,28,2024-06-25,North,26-35,False
CUST_00299,control,Premium,52.25,27,2024-11-05,West,55+,False
CUST_00200,treatment,Premium,80.48,15,2024-03-17,West,26-35,False
CUST_00561,treatment,Standard,0.0,28,2024-04-05,North,18-25,False
CUST_00179,control,Premium,0.0,13,2024-05-12,East,55+,False
CUST_01132,control,New,0.0,30,2024-12-14,East,36-45,True
CUST_00089,treatment,Premium,79.85,30,2024-03-09,South,55+,False
CUST_00788,treatment,Basic,24.76,19,2024-10-05,North,46-55,False
CUST_00725,control,Basic,0.0,23,2024-12-23,West,36-45,True
CUST_00827,treatment,Basic,20.29,15,2024-09-11,North,26-35,True
CUST_00209,treatment,Premium,83.84,26,2024-05-31,South,18-25,True
CUST_01040,control,New,0.0,29,2024-06-08,South,36-45,False
CUST_00297,treatment,Premium,0.0,26,2024-03-15,West,36-45,True
CUST_00998,control,New,32.12,13,2024-02-22,South,46-55,False
CUST_00498,treatment,Standard,0.0,26,2024-12-09,North,55+,True
CUST_00835,control,Basic,0.0,29,2024-09-02,North,46-55,True
CUST_00430,treatment,Standard,54.09,30,2024-02-23,North,26-35,False
CUST_00507,control,Standard,39.57,16,2024-12-19,East,55+,False
CUST_00831,control,Basic,32.0,23,2024-08-19,East,36-45,True
CUST_00694,control,Basic,0.0,22,2024-10-06,West,55+,True
CUST_00011,treatment,Premium,68.69,7,2024-12-10,East,18-25,False
CUST_00848,treatment,Basic,39.59,12,2024-03-27,North,18-25,True
CUST_00463,control,Standard,26.49,23,2024-09-27,West,46-55,False
CUST_00199,treatment,Premium,76.77,26,2024-06-09,South,26-35,False
CUST_00060,treatment,Premium,79.21,13,2024-04-05,West,55+,False
CUST_00907,treatment,New,0.0,30,2024-01-28,West,36-45,True
CUST_00997,control,New,16.74,8,2024-10-12,West,26-35,True
CUST_00276,treatment,Premium,100.61,14,2024-08-14,North,55+,False
CUST_00809,treatment,Basic,37.79,10,2024-02-11,East,26-35,True
CUST_00908,treatment,New,0.0,21,2024-09-05,South,36-45,True
CUST_00658,control,Basic,15.88,29,2024-10-25,North,46-55,True
CUST_00957,control,New,27.78,13,2024-04-10,North,26-35,True
CUST_00886,treatment,Basic,26.17,21,2024-08-11,South,36-45,True
CUST_00221,control,Premium,43.76,7,2024-06-27,South,46-55,False
CUST_00789,treatment,Basic,24.18,9,2024-07-01,West,26-35,False
CUST_00712,treatment,Basic,29.14,24,2024-02-03,North,55+,True
CUST_00714,control,Basic,19.46,30,2024-08-31,North,18-25,True
CUST_01113,treatment,New,0.0,20,2024-11-05,East,26-35,False
CUST_01191,treatment,New,0.0,17,2024-04-21,West,46-55,False
CUST_00790,control,Basic,0.0,8,2024-02-13,North,55+,False
CUST_00416,treatment,Standard,50.92,28,2024-02-23,South,55+,False
CUST_00899,control,Basic,33.43,26,2024-12-30,South,55+,False
CUST_00935,control,New,0.0,11,2024-11-26,East,36-45,True
CUST_00266,control,Premium,0.0,19,2024-01-31,South,46-55,False
CUST_00632,control,Basic,0.0,29,2024-12-06,West,26-35,True
CUST_00248,treatment,Premium,87.53,13,2024-08-28,East,46-55,False
CUST_00683,control,Basic,17.46,25,2024-04-28,North,18-25,False
CUST_00559,control,Standard,0.0,20,2024-04-04,South,46-55,False
CUST_01137,control,New,19.42,15,2024-12-30,West,36-45,False
CUST_00968,treatment,New,0.0,21,2024-10-15,North,55+,True
CUST_01005,control,New,25.11,17,2024-09-07,West,46-55,True
CUST_00985,control,New,1.0,9,2024-07-09,West,46-55,True
CUST_00295,control,Premium,62.88,16,2024-10-28,East,36-45,True
CUST_00520,control,Standard,0.0,13,2024-04-01,North,46-55,False
CUST_00771,treatment,Basic,0.0,23,2024-11-15,South,36-45,False
CUST_00084,treatment,Premium,95.41,24,2024-09-24,North,46-55,True
CUST_00232,treatment,Premium,81.26,7,2024-10-31,West,18-25,True
CUST_00621,treatment,Basic,35.4,23,2024-10-18,North,55+,False
CUST_00334,treatment,Standard,0.0,12,2024-07-29,West,46-55,True
CUST_00130,treatment,Premium,64.97,17,2024-05-29,South,46-55,False
CUST_01012,treatment,New,17.57,28,2024-08-06,West,26-35,False
CUST_00645,treatment,Basic,0.0,27,2024-04-13,East,46-55,False
CUST_00974,treatment,New,30.28,17,2024-08-15,West,18-25,False
CUST_00383,control,Standard,0.0,24,2024-04-13,South,18-25,False
CUST_00868,treatment,Basic,29.32,16,2024-08-18,West,18-25,False
CUST_00543,control,Standard,0.0,8,2024-10-19,North,26-35,False
CUST_01194,treatment,New,0.0,23,2024-06-21,South,26-35,True
CUST_00875,treatment,Basic,16.39,19,2024-04-29,South,18-25,True
CUST_00332,control,Standard,28.49,12,2024-08-10,East,36-45,True
CUST_00410,control,Standard,0.0,15,2024-01-21,West,36-45,True
CUST_00077,control,Premium,43.54,12,2024-03-22,East,55+,True
CUST_00869,treatment,Basic,22.19,16,2024-08-06,North,36-45,True
CUST_00139,treatment,Premium,69.19,22,2024-01-07,South,18-25,True
CUST_00544,treatment,Standard,0.0,18,2024-10-25,South,46-55,False
CUST_00674,control,Basic,0.0,28,2024-07-21,South,46-55,False
CUST_00921,treatment,New,0.0,10,2024-04-09,South,18-25,False
CUST_00064,control,Premium,0.0,13,2024-04-18,North,26-35,False
CUST_00142,control,Premium,60.49,15,2024-08-13,North,46-55,True
CUST_00717,control,Basic,0.0,16,2024-07-07,East,18-25,False
CUST_00377,treatment,Standard,44.94,16,2024-05-01,North,55+,False
CUST_00364,treatment,Standard,65.76,26,2024-04-22,North,46-55,False
CUST_00140,control,Premium,56.16,25,2024-02-05,North,46-55,False
CUST_00885,treatment,Basic,33.43,19,2024-05-07,East,26-35,True
CUST_01042,treatment,New,0.0,27,2024-02-09,East,36-45,False
CUST_00225,control,Premium,0.0,21,2024-10-16,North,26-35,True
CUST_00515,control,Standard,27.72,19,2024-11-30,West,55+,True
CUST_00267,treatment,Premium,80.49,25,2024-01-05,East,26-35,False
CUST_01170,treatment,New,25.54,19,2024-12-30,South,46-55,False
CUST_00487,control,Standard,25.59,22,2024-10-16,West,36-45,True
CUST_00353,control,Standard,35.91,28,2024-03-16,North,36-45,False
CUST_01006,control,New,0.0,21,2024-09-14,North,18-25,False
CUST_00618,control,Basic,0.0,22,2024-09-18,North,46-55,True
CUST_00668,treatment,Basic,24.76,29,2024-08-04,South,18-25,False
CUST_00775,control,Basic,15.51,15,2024-11-19,North,18-25,True
CUST_00554,control,Standard,31.66,20,2024-12-20,West,46-55,False
CUST_00576,control,Standard,0.0,12,2024-01-28,South,55+,True
CUST_00915,treatment,New,14.82,24,2024-06-17,South,26-35,True
CUST_00466,treatment,Standard,44.21,14,2024-01-13,West,36-45,True
CUST_00591,control,Standard,0.0,15,2024-04-12,East,26-35,True
CUST_00765,control,Basic,0.0,7,2024-12-01,East,55+,False
CUST_00635,control,Basic,31.21,8,2024-10-31,West,26-35,False
CUST_00838,treatment,Basic,28.68,11,2024-02-24,South,26-35,True
CUST_00290,control,Premium,47.23,19,2024-05-28,South,46-55,False
CUST_00040,treatment,Premium,87.4,7,2024-09-12,East,26-35,True
CUST_00031,control,Premium,35.6,22,2024-07-26,East,46-55,False
CUST_00243,control,Premium,0.0,30,2024-07-26,North,26-35,True
CUST_00429,treatment,Standard,0.0,24,2024-10-08,North,26-35,True
CUST_00137,treatment,Premium,87.22,28,2024-09-05,East,55+,True
CUST_01101,treatment,New,20.74,16,2024-10-16,East,26-35,False
CUST_00865,control,Basic,0.0,13,2024-04-28,South,26-35,False
CUST_00004,treatment,Premium,95.39,21,2024-02-20,West,46-55,False
CUST_00833,treatment,Basic,0.0,18,2024-07-13,South,18-25,False
CUST_00603,treatment,Basic,12.88,30,2024-09-27,East,18-25,True
CUST_01034,control,New,0.0,11,2024-10-05,North,26-35,True
CUST_00655,control,Basic,4.74,26,2024-04-18,West,18-25,True
CUST_00844,control,Basic,0.0,13,2024-08-06,North,46-55,True
CUST_00784,treatment,Basic,35.75,13,2024-12-13,South,46-55,False
CUST_01074,treatment,New,20.71,7,2024-10-12,South,18-25,False
CUST_00443,control,Standard,0.0,26,2024-12-14,West,55+,True
CUST_01178,treatment,New,31.92,21,2024-11-20,South,46-55,False
CUST_00436,treatment,Standard,0.0,17,2024-09-01,West,26-35,False
CUST_01169,control,New,0.0,29,2024-02-17,North,18-25,False
CUST_00101,control,Premium,39.63,12,2024-06-28,South,26-35,True
CUST_00773,treatment,Basic,33.9,11,2024-06-24,East,55+,False
CUST_00495,treatment,Standard,0.0,7,2024-04-11,South,55+,False
CUST_01028,treatment,New,0.0,23,2024-03-04,East,55+,False
CUST_00807,treatment,Basic,24.37,27,2024-09-14,South,18-25,True
CUST_01142,control,New,0.0,21,2024-06-20,West,55+,False
CUST_00846,treatment,Basic,17.12,7,2024-07-11,North,36-45,False
CUST_00987,control,New,19.79,18,2024-11-01,East,55+,True
CUST_00228,control,Premium,0.0,12,2024-03-03,North,18-25,True
CUST_01193,treatment,New,22.76,10,2024-12-01,West,55+,False
CUST_00672,control,Basic,20.74,20,2024-05-25,West,46-55,True
CUST_00859,treatment,Basic,26.59,15,2024-07-19,South,36-45,True
CUST_00925,treatment,New,35.85,26,2024-10-19,West,46-55,False
CUST_00067,treatment,Premium,85.59,11,2024-12-04,West,55+,True
CUST_00068,control,Premium,58.73,13,2024-08-04,North,46-55,False
CUST_00817,treatment,Basic,27.52,29,2024-08-08,North,55+,True
CUST_00212,treatment,Premium,91.34,7,2024-12-20,South,46-55,False
CUST_00013,control,Premium,47.93,13,2024-07-19,West,46-55,False
CUST_00494,treatment,Standard,57.21,13,2024-03-01,East,46-55,False
CUST_01165,control,New,0.0,9,2024-01-27,North,26-35,False
CUST_00300,control,Premium,59.33,19,2024-01-20,North,46-55,True
CUST_00411,control,Standard,0.0,15,2024-12-20,East,26-35,False
CUST_00757,control,Basic,16.87,18,2024-10-17,South,55+,True
CUST_01075,control,New,27.29,30,2024-12-16,East,55+,False
CUST_00696,treatment,Basic,29.06,29,2024-07-21,East,36-45,True
CUST_01151,treatment,New,0.0,27,2024-11-03,North,46-55,False
CUST_00724,treatment,Basic,29.77,30,2024-12-26,West,18-25,False
CUST_01016,treatment,New,14.98,23,2024-06-25,North,36-45,False
CUST_00528,treatment,Standard,54.67,28,2024-03-10,North,55+,False
CUST_00600,control,Standard,24.12,22,2024-02-13,West,55+,True
CUST_01120,treatment,New,0.0,19,2024-03-17,South,46-55,True
CUST_00567,control,Standard,0.0,28,2024-07-28,East,18-25,False
CUST_00731,control,Basic,29.05,19,2024-06-05,East,46-55,True
CUST_00274,treatment,Premium,0.0,24,2024-06-21,West,46-55,True
CUST_00967,control,New,0.0,29,2024-01-16,East,26-35,False
CUST_00238,treatment,Premium,95.31,21,2024-06-04,East,26-35,False
CUST_00406,treatment,Standard,57.51,7,2024-04-16,East,18-25,True
CUST_00003,control,Premium,64.62,23,2024-02-28,East,26-35,False
CUST_00007,control,Premium,46.32,24,2024-12-25,West,26-35,False
CUST_00312,treatment,Standard,41.83,28,2024-08-07,East,36-45,True
CUST_01091,treatment,New,0.0,12,2024-10-19,East,26-35,True
CUST_00452,control,Standard,40.07,27,2024-11-13,North,18-25,True
CUST_00722,treatment,Basic,34.56,13,2024-08-07,South,36-45,False
CUST_00216,control,Premium,0.0,10,2024-10-27,East,36-45,False
CUST_01086,treatment,New,0.0,19,2024-03-29,North,26-35,True
CUST_00028,control,Premium,54.31,7,2024-05-07,East,26-35,False
CUST_01158,treatment,New,0.0,28,2024-07-10,East,36-45,True
CUST_00362,control,Standard,0.0,20,2024-12-08,South,55+,True
CUST_00823,control,Basic,0.0,25,2024-03-14,East,18-25,True
CUST_00781,control,Basic,12.82,18,2024-06-25,West,36-45,True
CUST_00629,treatment,Basic,26.97,10,2024-05-26,South,36-45,True
CUST_00454,treatment,Standard,0.0,28,2024-10-29,West,46-55,False
CUST_00739,treatment,Basic,36.6,28,2024-07-10,North,18-25,False
CUST_00536,control,Standard,38.97,26,2024-02-17,East,36-45,False
CUST_01050,control,New,18.6,19,2024-08-16,South,18-25,False
CUST_00399,treatment,Standard,64.95,27,2024-10-21,North,18-25,True
CUST_00257,control,Premium,0.0,7,2024-09-28,West,46-55,False
CUST_00292,treatment,Premium,0.0,21,2024-03-28,West,55+,False
CUST_00026,control,Premium,62.32,22,2024-05-23,North,18-25,False
CUST_00337,treatment,Standard,57.99,17,2024-10-05,West,18-25,True
CUST_00585,treatment,Standard,0.0,28,2024-10-20,North,26-35,False
CUST_00048,control,Premium,68.43,30,2024-11-14,East,46-55,False
CUST_00319,treatment,Standard,58.17,30,2024-03-01,North,26-35,False
CUST_00107,control,Premium,0.0,7,2024-03-30,South,55+,False
CUST_00799,treatment,Basic,29.67,17,2024-05-03,North,46-55,False
CUST_00056,control,Premium,0.0,25,2024-04-10,West,36-45,True
CUST_00523,treatment,Standard,0.0,18,2024-07-25,West,18-25,False
CUST_00214,treatment,Premium,0.0,21,2024-01-14,West,18-25,False
CUST_00121,treatment,Premium,93.3,11,2024-05-27,East,26-35,False
CUST_00918,control,New,20.54,25,2024-05-02,North,26-35,False
CUST_01068,control,New,25.19,24,2024-11-09,West,18-25,False
CUST_01118,treatment,New,37.99,19,2024-03-13,West,46-55,True
CUST_00073,control,Premium,0.0,15,2024-10-31,South,18-25,True
CUST_00948,treatment,New,8.95,15,2024-05-09,North,55+,False
CUST_00747,treatment,Basic,31.93,16,2024-04-14,East,46-55,False
CUST_00716,control,Basic,0.0,26,2024-03-19,South,26-35,True
CUST_00558,treatment,Standard,0.0,22,2024-10-21,West,36-45,True
CUST_01082,treatment,New,20.84,15,2024-04-14,West,26-35,False
CUST_01046,control,New,0.0,13,2024-10-06,East,18-25,False
CUST_00553,control,Standard,0.0,17,2024-10-28,West,55+,False
CUST_00562,treatment,Standard,0.0,9,2024-09-12,East,46-55,True
CUST_00425,treatment,Standard,0.0,29,2024-05-12,West,46-55,False
CUST_01014,treatment,New,32.47,23,2024-07-23,North,26-35,True
CUST_00326,treatment,Standard,0.0,24,2024-07-15,East,36-45,False
CUST_00924,control,New,21.24,12,2024-12-27,South,26-35,True
CUST_00317,control,Standard,44.53,30,2024-10-31,East,36-45,True
CUST_00804,treatment,Basic,26.35,13,2024-10-15,East,26-35,False
CUST_01163,control,New,8.87,10,2024-02-13,North,55+,True
CUST_00529,treatment,Standard,0.0,12,2024-08-04,West,36-45,False
CUST_00837,treatment,Basic,4.6,26,2024-11-03,East,55+,False
CUST_00715,treatment,Basic,33.55,10,2024-07-27,West,36-45,True
CUST_00901,control,New,8.95,14,2024-08-02,North,55+,False
CUST_00061,treatment,Premium,88.25,23,2024-03-02,West,18-25,False
CUST_00723,treatment,Basic,32.16,26,2024-07-10,North,36-45,False
CUST_00093,treatment,Premium,78.93,8,2024-03-18,South,55+,True
CUST_00858,control,Basic,32.46,28,2024-09-10,South,46-55,False
CUST_00619,treatment,Basic,17.38,18,2024-07-06,North,46-55,True
CUST_00352,control,Standard,67.25,14,2024-01-21,East,46-55,True
CUST_00933,treatment,New,0.0,26,2024-02-15,West,55+,True
CUST_00281,treatment,Premium,76.35,30,2024-01-17,North,46-55,True
CUST_00421,treatment,Standard,32.35,29,2024-01-07,West,18-25,False
CUST_01115,control,New,28.82,15,2024-07-08,South,55+,False
CUST_00360,control,Standard,25.45,20,2024-02-14,North,46-55,True
CUST_00423,control,Standard,39.45,19,2024-08-01,East,46-55,False
CUST_00679,treatment,Basic,34.52,13,2024-06-20,South,26-35,True
CUST_00527,control,Standard,0.0,11,2024-12-05,West,18-25,False
CUST_00478,control,Standard,37.12,9,2024-11-17,South,55+,False
CUST_01095,control,New,8.4,26,2024-05-17,East,18-25,False
CUST_00183,treatment,Premium,91.86,21,2024-08-09,North,55+,False
CUST_01092,control,New,0.0,10,2024-09-01,East,26-35,False
CUST_00433,treatment,Standard,60.37,12,2024-06-17,West,46-55,True
CUST_00111,control,Premium,51.7,9,2024-01-01,West,46-55,False
CUST_00371,control,Standard,0.0,29,2024-12-25,East,26-35,True
CUST_00240,control,Premium,49.34,30,2024-08-28,South,55+,False
CUST_00709,control,Basic,0.0,30,2024-08-24,East,18-25,False
CUST_00630,control,Basic,0.0,27,2024-10-14,South,36-45,False
CUST_00594,control,Standard,37.36,19,2024-07-26,West,18-25,True
CUST_00486,control,Standard,38.57,26,2024-06-16,East,18-25,True
CUST_00701,control,Basic,0.0,22,2024-01-28,West,36-45,False
CUST_00262,control,Premium,50.28,13,2024-01-14,North,55+,True
CUST_00480,treatment,Standard,30.93,10,2024-03-05,East,26-35,True
CUST_00650,control,Basic,0.0,12,2024-04-04,South,26-35,True
CUST_00340,control,Standard,41.05,21,2024-07-09,North,36-45,True
CUST_00669,treatment,Basic,26.45,24,2024-08-17,East,46-55,True
CUST_00552,treatment,Standard,49.19,10,2024-04-10,South,46-55,True
CUST_00459,treatment,Standard,0.0,27,2024-12-22,South,18-25,True
CUST_00184,control,Premium,0.0,24,2024-11-19,East,18-25,False
CUST_00138,control,Premium,0.0,14,2024-10-17,West,36-45,False
CUST_01161,control,New,21.74,30,2024-09-09,North,36-45,False
CUST_00707,treatment,Basic,25.31,15,2024-01-25,South,26-35,True
CUST_00582,control,Standard,40.82,25,2024-11-18,West,55+,True
CUST_00081,treatment,Premium,80.05,11,2024-07-20,South,36-45,True
CUST_00769,control,Basic,0.0,23,2024-04-06,South,36-45,True
CUST_00870,treatment,Basic,0.0,9,2024-09-15,West,18-25,True
CUST_00762,treatment,Basic,12.2,11,2024-05-19,South,18-25,False
CUST_00030,control,Premium,0.0,23,2024-01-02,North,46-55,True
CUST_00542,control,Standard,0.0,17,2024-07-25,West,46-55,False
CUST_00166,treatment,Premium,73.5,20,2024-06-06,South,46-55,False
CUST_00249,treatment,Premium,85.69,20,2024-02-05,West,55+,True
CUST_00308,control,Standard,35.58,27,2024-02-04,South,26-35,True
CUST_00448,control,Standard,0.0,26,2024-08-29,West,55+,True
CUST_00347,control,Standard,42.87,14,2024-01-02,North,55+,False
CUST_00335,treatment,Standard,53.02,8,2024-05-10,West,46-55,False
CUST_00286,treatment,Premium,0.0,16,2024-05-28,West,46-55,True
CUST_00950,treatment,New,31.04,16,2024-07-10,West,36-45,False
CUST_00098,treatment,Premium,84.71,11,2024-01-28,South,18-25,True
CUST_00468,treatment,Standard,44.65,29,2024-04-23,West,36-45,True
CUST_01037,treatment,New,0.0,24,2024-04-22,South,18-25,True
CUST_00913,control,New,24.12,29,2024-08-04,West,26-35,True
CUST_00756,treatment,Basic,14.39,23,2024-10-20,South,18-25,True
CUST_00945,treatment,New,0.0,8,2024-02-20,South,26-35,True
CUST_00614,treatment,Basic,32.59,21,2024-01-25,South,26-35,True
CUST_00802,control,Basic,0.0,18,2024-03-26,West,26-35,True
CUST_00758,control,Basic,0.0,11,2024-11-16,East,18-25,True
CUST_00689,control,Basic,0.0,18,2024-01-01,South,36-45,False
CUST_00066,control,Premium,0.0,12,2024-01-07,South,55+,False
CUST_00794,control,Basic,29.04,14,2024-04-15,West,55+,True
CUST_00744,treatment,Basic,25.17,8,2024-09-21,East,46-55,False
CUST_00568,control,Standard,0.0,20,2024-04-03,South,55+,True
CUST_01084,control,New,15.59,25,2024-06-13,North,18-25,False
CUST_01099,control,New,0.0,16,2024-01-08,North,55+,True
CUST_00303,control,Standard,41.64,19,2024-08-15,South,18-25,True
CUST_00255,control,Premium,0.0,22,2024-01-30,North,46-55,True
CUST_00959,treatment,New,0.0,12,2024-06-17,North,36-45,True
CUST_01024,treatment,New,0.0,11,2024-08-27,South,36-45,False
CUST_00313,control,Standard,0.0,16,2024-08-04,North,46-55,True
CUST_00530,treatment,Standard,0.0,14,2024-03-17,South,26-35,False
CUST_00222,treatment,Premium,74.63,17,2024-05-05,South,18-25,False
CUST_00389,control,Standard,0.0,10,2024-12-30,East,18-25,False
CUST_00236,control,Premium,51.71,29,2024-04-16,East,55+,False
CUST_00810,treatment,Basic,31.42,28,2024-07-26,North,46-55,False
CUST_00483,treatment,Standard,0.0,12,2024-06-24,South,18-25,False
CUST_00713,control,Basic,0.0,15,2024-02-17,East,26-35,False
CUST_00306,treatment,Standard,0.0,17,2024-12-24,North,26-35,False
CUST_01111,treatment,New,23.92,16,2024-05-11,East,26-35,True
CUST_01090,treatment,New,32.97,15,2024-06-10,East,18-25,False
CUST_00772,treatment,Basic,21.47,24,2024-07-17,North,18-25,True
CUST_00917,treatment,New,12.09,20,2024-02-28,North,36-45,False
CUST_01139,control,New,14.22,9,2024-04-25,West,18-25,False
CUST_00250,control,Premium,66.28,7,2024-03-10,North,46-55,True
CUST_00760,control,Basic,0.0,23,2024-07-05,East,46-55,True
CUST_00595,control,Standard,38.39,19,2024-09-18,East,55+,True
CUST_00072,control,Premium,0.0,19,2024-11-12,East,55+,False
CUST_00095,treatment,Premium,0.0,21,2024-05-06,West,26-35,False
CUST_00546,control,Standard,0.0,30,2024-06-03,North,18-25,True
CUST_00034,control,Premium,61.69,10,2024-10-15,South,55+,False
CUST_00862,treatment,Basic,32.44,18,2024-04-15,North,46-55,False
CUST_00579,treatment,Standard,35.33,14,2024-04-06,East,46-55,False
CUST_00449,treatment,Standard,63.95,20,2024-11-19,South,36-45,True
CUST_00446,control,Standard,0.0,17,2024-11-07,East,55+,True
CUST_00260,control,Premium,57.08,28,2024-05-22,South,46-55,True
CUST_00205,control,Premium,0.0,25,2024-02-24,South,46-55,True
CUST_00573,treatment,Standard,77.95,27,2024-12-06,West,26-35,False
CUST_00824,control,Basic,19.54,25,2024-06-30,East,26-35,False
CUST_00586,treatment,Standard,0.0,27,2024-03-10,North,36-45,False
CUST_00366,control,Standard,53.07,15,2024-02-08,West,36-45,False
CUST_00812,control,Basic,0.0,18,2024-04-17,West,26-35,True
CUST_00078,control,Premium,45.96,24,2024-09-07,North,55+,True
CUST_00085,treatment,Premium,84.14,29,2024-07-25,North,55+,False
CUST_00539,control,Standard,0.0,27,2024-05-12,East,18-25,True
CUST_00083,treatment,Premium,90.6,14,2024-02-08,South,26-35,False
CUST_00458,treatment,Standard,73.83,15,2024-05-18,West,26-35,False
CUST_01138,control,New,0.0,22,2024-08-16,East,46-55,True
CUST_00615,control,Basic,20.32,16,2024-04-08,East,36-45,True
CUST_01186,control,New,36.64,26,2024-08-17,West,55+,False
CUST_01076,control,New,32.33,20,2024-11-16,North,36-45,True
CUST_00737,control,Basic,31.71,19,2024-12-26,South,55+,False
CUST_00437,control,Standard,0.0,21,2024-04-03,North,36-45,True
CUST_00555,control,Standard,38.76,29,2024-04-15,North,26-35,True
CUST_01080,treatment,New,0.0,13,2024-11-03,East,18-25,False
CUST_01062,control,New,0.0,14,2024-06-25,North,18-25,True
CUST_00351,control,Standard,42.84,18,2024-03-16,South,18-25,True
CUST_00197,treatment,Premium,75.48,17,2024-10-27,North,18-25,False
CUST_00465,control,Standard,36.58,12,2024-06-16,East,55+,True
CUST_00589,control,Standard,0.0,11,2024-03-13,East,26-35,True
CUST_00006,treatment,Premium,88.32,26,2024-04-01,East,46-55,True
CUST_00311,control,Standard,39.26,26,2024-05-31,North,46-55,True
CUST_00662,treatment,Basic,17.77,20,2024-05-19,East,36-45,True
CUST_00405,control,Standard,0.0,14,2024-11-20,West,18-25,False
CUST_01196,control,New,0.0,22,2024-01-02,South,46-55,False
CUST_01044,treatment,New,27.99,16,2024-11-22,South,18-25,True
CUST_01058,treatment,New,0.0,20,2024-05-23,South,46-55,True
CUST_00105,control,Premium,52.37,30,2024-03-02,North,26-35,True
CUST_00537,treatment,Standard,73.2,27,2024-09-24,South,46-55,False
CUST_00606,control,Basic,0.0,8,2024-06-19,South,55+,True
CUST_00063,treatment,Premium,99.12,9,2024-01-25,West,36-45,True
CUST_00282,treatment,Premium,81.85,10,2024-05-18,West,36-45,True
CUST_01056,treatment,New,8.0,8,2024-12-07,North,46-55,False
CUST_00239,control,Premium,0.0,17,2024-09-19,East,46-55,False
CUST_00224,control,Premium,55.03,29,2024-01-08,South,55+,True
CUST_00146,control,Premium,47.78,10,2024-02-10,South,26-35,True
CUST_01119,control,New,0.0,12,2024-04-15,North,46-55,False
CUST_00374,control,Standard,0.0,8,2024-06-24,West,46-55,False
CUST_00119,treatment,Premium,75.94,21,2024-08-15,North,46-55,False
CUST_00803,treatment,Basic,20.22,25,2024-09-22,West,55+,False
CUST_00251,control,Premium,0.0,24,2024-03-07,South,46-55,True
CUST_01157,control,New,0.0,19,2024-12-18,West,46-55,True
CUST_00010,treatment,Premium,88.82,24,2024-02-22,West,26-35,True
CUST_00450,treatment,Standard,35.5,14,2024-07-07,West,26-35,True
CUST_00874,control,Basic,0.0,11,2024-03-24,East,55+,True
CUST_00390,control,Standard,30.96,23,2024-08-12,West,36-45,True
CUST_00966,treatment,New,32.25,16,2024-10-06,South,18-25,False
CUST_00461,control,Standard,0.0,23,2024-09-07,North,55+,True
CUST_01147,treatment,New,21.94,7,2024-01-17,East,46-55,False
CUST_00145,control,Premium,0.0,8,2024-08-02,North,36-45,False
CUST_00502,treatment,Standard,0.0,21,2024-04-21,East,55+,True
CUST_01108,treatment,New,23.62,16,2024-06-17,West,55+,True
CUST_00540,control,Standard,0.0,16,2024-12-04,North,46-55,True
CUST_00178,control,Premium,0.0,22,2024-06-17,North,36-45,True
CUST_01159,treatment,New,0.0,15,2024-12-22,West,26-35,False
CUST_01051,treatment,New,30.46,13,2024-04-12,East,36-45,True
CUST_00584,control,Standard,21.59,29,2024-05-08,South,18-25,False
CUST_01195,control,New,31.42,23,2024-06-16,South,55+,True
CUST_00008,control,Premium,0.0,28,2024-07-09,South,26-35,False
CUST_00574,treatment,Standard,0.0,28,2024-07-18,North,18-25,True
CUST_00843,control,Basic,0.0,17,2024-10-18,South,46-55,False
CUST_00358,control,Standard,38.46,15,2024-09-21,West,55+,True
CUST_00330,treatment,Standard,49.87,11,2024-06-24,East,55+,False
CUST_00705,treatment,Basic,29.58,12,2024-12-12,North,55+,True
CUST_00830,control,Basic,37.47,28,2024-05-11,North,36-45,True
CUST_00259,treatment,Premium,80.87,26,2024-07-08,East,26-35,False
CUST_00891,control,Basic,0.0,26,2024-07-09,East,26-35,False
CUST_00834,control,Basic,0.0,23,2024-03-16,East,55+,False
CUST_01188,treatment,New,0.0,21,2024-04-03,East,36-45,False
CUST_00905,control,New,0.0,22,2024-07-30,North,18-25,True
CUST_00526,control,Standard,41.38,10,2024-10-04,South,55+,True
CUST_00814,treatment,Basic,14.85,15,2024-02-01,East,55+,True
CUST_00732,control,Basic,28.72,14,2024-01-07,East,18-25,True
CUST_01032,treatment,New,18.5,11,2024-07-28,West,18-25,False
CUST_01141,treatment,New,29.96,8,2024-01-14,South,18-25,False
CUST_00441,treatment,Standard,45.45,30,2024-09-03,East,26-35,True
CUST_00532,control,Standard,0.0,9,2024-12-30,East,36-45,True
CUST_00960,control,New,0.0,25,2024-02-17,North,18-25,True
CUST_00229,control,Premium,46.65,17,2024-11-19,South,55+,False
CUST_01041,control,New,0.0,21,2024-10-16,West,55+,True
CUST_00213,control,Premium,0.0,11,2024-11-20,South,55+,True
CUST_00080,control,Premium,0.0,7,2024-04-07,North,36-45,True
CUST_00149,treatment,Premium,73.75,17,2024-07-11,East,55+,False
CUST_00592,treatment,Standard,53.14,26,2024-12-10,West,18-25,True
CUST_00708,treatment,Basic,30.12,29,2024-12-20,North,36-45,False
CUST_00590,control,Standard,0.0,17,2024-04-17,West,26-35,True
CUST_00134,treatment,Premium,68.93,12,2024-11-14,West,18-25,False
CUST_00782,control,Basic,0.0,14,2024-11-03,West,55+,False
CUST_00409,control,Standard,0.0,11,2024-01-24,West,36-45,True
CUST_00970,treatment,New,0.0,13,2024-01-18,North,18-25,False
CUST_00508,control,Standard,44.49,21,2024-07-23,West,18-25,True
CUST_00877,control,Basic,0.0,30,2024-12-27,West,26-35,True
CUST_00505,treatment,Standard,84.12,29,2024-02-16,South,36-45,False
CUST_00719,treatment,Basic,0.0,30,2024-05-20,West,55+,False
CUST_00348,treatment,Standard,0.0,29,2024-01-16,North,18-25,False
CUST_00387,treatment,Standard,0.0,12,2024-07-01,South,46-55,False
CUST_00001,treatment,Premium,68.88,17,2024-03-28,North,46-55,False
CUST_00361,treatment,Standard,0.0,22,2024-10-27,South,46-55,False
CUST_01134,treatment,New,30.95,15,2024-01-13,West,36-45,True
CUST_00476,treatment,Standard,39.55,22,2024-01-02,West,26-35,False
CUST_00778,control,Basic,24.01,30,2024-02-16,East,46-55,True
CUST_00754,treatment,Basic,26.88,29,2024-11-11,East,55+,False
CUST_00173,treatment,Premium,65.06,9,2024-08-13,West,26-35,True
CUST_00451,control,Standard,0.0,29,2024-06-29,West,46-55,True
CUST_00126,treatment,Premium,81.0,29,2024-11-08,North,36-45,False
CUST_00931,treatment,New,0.0,30,2024-02-22,South,36-45,False
CUST_00531,control,Standard,0.0,26,2024-05-19,East,55+,True
CUST_00091,control,Premium,55.6,9,2024-06-03,North,26-35,True
CUST_01162,treatment,New,0.0,25,2024-10-06,South,55+,False
CUST_00182,control,Premium,58.62,30,2024-12-30,East,36-45,False
CUST_01027,control,New,0.0,16,2024-07-22,West,36-45,False
CUST_01000,control,New,13.89,29,2024-09-19,East,55+,True
CUST_00252,treatment,Premium,64.44,8,2024-08-02,West,26-35,False
CUST_00070,treatment,Premium,95.7,26,2024-11-12,East,18-25,True
CUST_00132,treatment,Premium,68.93,30,2024-07-29,South,55+,True
CUST_00301,control,Standard,36.52,10,2024-09-10,West,26-35,False
CUST_01133,treatment,New,26.5,26,2024-05-10,North,26-35,True
CUST_00327,treatment,Standard,0.0,11,2024-03-25,West,18-25,True
CUST_01020,control,New,2.76,13,2024-01-07,West,36-45,True
CUST_00500,treatment,Standard,62.28,25,2024-04-18,East,18-25,False
CUST_00666,treatment,Basic,17.17,20,2024-11-29,East,46-55,True
CUST_00919,treatment,New,23.11,20,2024-09-03,West,36-45,True
CUST_00496,control,Standard,0.0,27,2024-08-29,East,36-45,True
CUST_00339,treatment,Standard,0.0,7,2024-09-03,East,36-45,False
CUST_00964,control,New,22.89,30,2024-10-29,West,18-25,False
CUST_00165,treatment,Premium,105.98,16,2024-12-24,West,55+,True
CUST_00029,treatment,Premium,0.0,16,2024-04-08,East,46-55,False
CUST_00517,treatment,Standard,0.0,17,2024-04-05,East,36-45,False
CUST_00194,treatment,Premium,75.18,18,2024-06-29,West,46-55,False
CUST_01104,control,New,15.09,17,2024-04-26,East,46-55,False
CUST_00170,treatment,Premium,0.0,30,2024-09-18,North,55+,False
CUST_01059,treatment,New,0.0,25,2024-12-18,South,46-55,False
CUST_00174,treatment,Premium,0.0,17,2024-08-13,West,46-55,True
CUST_00519,control,Standard,0.0,13,2024-11-09,West,18-25,True
CUST_00969,treatment,New,25.62,25,2024-06-29,East,55+,False
CUST_00702,control,Basic,28.07,14,2024-03-25,North,18-25,True
CUST_00492,control,Standard,63.37,17,2024-05-02,West,26-35,False
CUST_00074,control,Premium,50.54,29,2024-01-12,South,46-55,False
CUST_00981,treatment,New,26.47,17,2024-10-13,North,46-55,False
CUST_00588,treatment,Standard,51.92,23,2024-07-18,East,36-45,True
CUST_00235,treatment,Premium,63.69,17,2024-12-08,South,26-35,False
CUST_00215,control,Premium,0.0,8,2024-06-11,North,55+,True
CUST_00947,control,New,0.0,10,2024-05-08,East,46-55,True
CUST_00133,treatment,Premium,105.7,20,2024-06-23,South,26-35,False
CUST_01156,treatment,New,0.0,26,2024-10-16,West,18-25,True
CUST_00733,treatment,Basic,29.04,16,2024-06-26,East,46-55,True
CUST_00941,control,New,0.0,20,2024-02-19,South,26-35,False
CUST_00186,control,Premium,59.65,18,2024-01-07,North,36-45,True
CUST_00042,control,Premium,63.9,16,2024-09-03,South,36-45,False
CUST_00109,treatment,Premium,90.06,11,2024-11-24,North,18-25,True
CUST_00849,control,Basic,0.0,13,2024-04-27,East,26-35,False
CUST_00569,treatment,Standard,47.81,26,2024-05-22,North,46-55,False
CUST_00651,control,Basic,20.51,18,2024-12-08,West,36-45,True
CUST_01001,treatment,New,0.0,15,2024-10-30,East,26-35,True
CUST_01166,control,New,0.0,9,2024-07-14,North,55+,True
CUST_00484,treatment,Standard,72.51,9,2024-08-31,East,55+,True
CUST_00469,treatment,Standard,50.57,27,2024-11-26,North,36-45,False
CUST_00025,treatment,Premium,101.59,30,2024-05-02,North,55+,False
CUST_00661,control,Basic,0.0,26,2024-09-19,East,55+,False
CUST_00680,treatment,Basic,12.2,12,2024-07-04,North,46-55,True
CUST_00753,control,Basic,24.88,30,2024-11-23,North,18-25,True
CUST_00994,treatment,New,18.6,14,2024-07-17,East,55+,False
CUST_00367,control,Standard,0.0,14,2024-09-14,North,18-25,False
CUST_00840,control,Basic,0.0,7,2024-04-01,North,55+,False
CUST_01053,control,New,15.05,7,2024-04-24,South,26-35,False
CUST_00384,control,Standard,27.15,27,2024-01-08,West,55+,True
CUST_00455,treatment,Standard,0.0,29,2024-11-09,South,55+,True
CUST_00265,control,Premium,39.35,14,2024-01-25,East,46-55,True
CUST_00761,treatment,Basic,13.89,20,2024-01-16,East,36-45,False
CUST_00980,control,New,0.0,14,2024-06-30,South,36-45,False
CUST_00445,treatment,Standard,36.68,7,2024-10-04,South,55+,True
CUST_00396,treatment,Standard,0.0,12,2024-03-15,East,36-45,False
CUST_00742,treatment,Basic,13.82,29,2024-05-09,West,55+,True
CUST_00177,control,Premium,0.0,19,2024-10-15,South,36-45,False
CUST_00019,control,Premium,0.0,18,2024-02-13,West,36-45,False
CUST_00949,control,New,29.18,20,2024-01-29,East,46-55,True
CUST_00815,control,Basic,0.0,19,2024-06-17,North,26-35,True
CUST_00596,control,Standard,31.51,23,2024-09-01,West,36-45,False
CUST_00062,treatment,Premium,88.14,10,2024-08-20,East,46-55,True
CUST_00273,control,Premium,67.49,11,2024-03-05,North,55+,False
CUST_01126,control,New,0.0,19,2024-11-13,East,46-55,False
CUST_00279,control,Premium,0.0,28,2024-07-18,North,18-25,False
CUST_00842,control,Basic,0.0,25,2024-11-01,North,55+,False
CUST_00369,treatment,Standard,0.0,12,2024-10-10,North,36-45,False
CUST_00887,control,Basic,0.0,25,2024-02-08,West,36-45,False
CUST_01015,treatment,New,0.0,25,2024-04-30,North,18-25,False
CUST_00860,control,Basic,0.0,10,2024-06-15,West,18-25,False
CUST_00721,treatment,Basic,26.09,11,2024-08-10,North,26-35,False
CUST_00826,control,Basic,0.0,27,2024-05-25,East,36-45,False
CUST_00548,treatment,Standard,42.74,27,2024-04-28,West,18-25,True
CUST_00880,control,Basic,29.2,28,2024-12-05,North,46-55,True
CUST_00900,control,Basic,0.0,22,2024-04-11,West,55+,True
CUST_00457,treatment,Standard,58.05,22,2024-02-28,East,26-35,False
CUST_00394,control,Standard,24.58,13,2024-03-07,North,46-55,True
CUST_00676,treatment,Basic,0.0,19,2024-03-10,West,36-45,True
CUST_00912,control,New,0.0,7,2024-07-06,West,36-45,False
CUST_00965,control,New,10.02,24,2024-01-15,West,18-25,True
CUST_00376,treatment,Standard,60.09,20,2024-12-28,West,36-45,False
CUST_00413,treatment,Standard,0.0,28,2024-04-09,North,55+,True
CUST_00075,control,Premium,0.0,24,2024-01-28,West,55+,True
CUST_01122,control,New,31.12,7,2024-05-31,South,55+,False
CUST_00863,treatment,Basic,0.0,13,2024-05-25,South,26-35,True
CUST_00501,control,Standard,31.11,28,2024-10-11,East,55+,True
CUST_00942,control,New,0.0,16,2024-09-29,East,55+,False
CUST_00617,treatment,Basic,0.0,17,2024-09-28,North,36-45,False
CUST_00115,treatment,Premium,61.39,8,2024-11-04,West,36-45,True
CUST_00418,treatment,Standard,64.46,23,2024-09-24,South,46-55,False
CUST_00602,treatment,Basic,18.73,14,2024-07-05,West,46-55,False
CUST_00605,control,Basic,0.0,16,2024-08-17,South,26-35,True
CUST_00090,treatment,Premium,87.96,22,2024-04-20,North,36-45,False
CUST_01149,treatment,New,23.62,18,2024-11-25,South,46-55,True
CUST_00499,treatment,Standard,0.0,23,2024-12-27,South,18-25,True
CUST_00876,control,Basic,0.0,19,2024-02-04,East,55+,False
CUST_00927,control,New,16.8,15,2024-03-02,East,46-55,True
CUST_00999,control,New,18.94,13,2024-08-17,West,55+,True
CUST_00012,treatment,Premium,81.34,17,2024-03-21,West,36-45,True
CUST_00397,control,Standard,35.36,14,2024-05-24,East,26-35,False
CUST_00755,control,Basic,0.0,25,2024-02-11,South,18-25,True
CUST_00556,treatment,Standard,54.55,24,2024-04-15,East,55+,True
CUST_00043,control,Premium,0.0,19,2024-01-20,North,46-55,True
CUST_00168,control,Premium,52.34,12,2024-10-21,West,36-45,False
CUST_00417,treatment,Standard,0.0,8,2024-12-02,West,26-35,True
CUST_00577,control,Standard,43.13,19,2024-11-03,South,18-25,True
CUST_00268,treatment,Premium,77.69,24,2024-09-09,East,18-25,True
CUST_00808,treatment,Basic,20.37,24,2024-09-02,South,55+,False
CUST_00427,treatment,Standard,0.0,19,2024-12-04,East,55+,True
CUST_00691,treatment,Basic,0.0,17,2024-11-29,West,26-35,True
CUST_00545,treatment,Standard,0.0,29,2024-05-23,South,36-45,True
CUST_01123,control,New,20.64,14,2024-08-31,East,55+,False
CUST_00675,control,Basic,0.0,27,2024-09-11,East,55+,True
CUST_00690,control,Basic,10.9,29,2024-06-19,South,55+,True
CUST_01055,treatment,New,25.52,20,2024-04-02,West,55+,False
CUST_01177,control,New,19.15,28,2024-02-25,East,55+,True
CUST_01033,treatment,New,8.99,17,2024-07-02,North,46-55,True
CUST_01035,control,New,0.0,28,2024-07-10,West,36-45,False
CUST_00258,treatment,Premium,76.04,29,2024-04-23,North,26-35,True
CUST_00336,treatment,Standard,0.0,30,2024-08-05,South,18-25,True
CUST_00016,control,Premium,0.0,15,2024-07-25,East,26-35,False
CUST_00902,treatment,New,18.77,20,2024-11-17,North,18-25,True
CUST_00325,control,Standard,24.35,18,2024-04-06,South,46-55,True
CUST_00608,control,Basic,0.0,21,2024-04-05,North,55+,False
CUST_01054,treatment,New,21.91,19,2024-12-22,West,18-25,False
CUST_00791,treatment,Basic,27.89,27,2024-02-20,West,36-45,False
CUST_00223,control,Premium,0.0,29,2024-10-20,West,55+,False
CUST_00180,treatment,Premium,0.0,16,2024-06-08,East,55+,False
CUST_00100,control,Premium,0.0,10,2024-04-20,South,26-35,True
CUST_00522,treatment,Standard,0.0,28,2024-01-16,West,36-45,True
CUST_00023,control,Premium,30.81,23,2024-07-05,North,26-35,False
CUST_00357,control,Standard,38.58,13,2024-12-06,North,18-25,False
CUST_00734,control,Basic,0.0,9,2024-02-17,West,36-45,False
CUST_01094,treatment,New,28.4,13,2024-09-13,East,55+,True
CUST_01112,control,New,14.16,8,2024-11-26,North,18-25,True
CUST_00612,control,Basic,0.0,7,2024-01-18,North,36-45,True
CUST_01010,treatment,New,22.01,9,2024-08-29,East,55+,False
CUST_00341,treatment,Standard,0.0,13,2024-12-20,West,55+,True
CUST_00432,control,Standard,15.48,9,2024-01-06,North,46-55,True
CUST_00962,control,New,0.0,27,2024-03-09,West,18-25,False
CUST_00218,control,Premium,0.0,28,2024-10-10,North,36-45,True
CUST_00204,control,Premium,0.0,28,2024-01-03,East,18-25,False
CUST_00906,treatment,New,27.25,30,2024-10-27,South,55+,True
CUST_00923,control,New,14.77,13,2024-07-26,East,36-45,True
CUST_00094,treatment,Premium,69.65,28,2024-08-26,West,36-45,True
CUST_00911,control,New,27.52,13,2024-05-11,West,26-35,True
CUST_00069,treatment,Premium,0.0,13,2024-05-05,East,55+,True
CUST_00895,treatment,Basic,35.12,22,2024-09-13,West,55+,True
CUST_00285,treatment,Premium,76.77,20,2024-04-14,North,18-25,False
CUST_00697,treatment,Basic,0.0,28,2024-02-14,West,18-25,True
CUST_00086,control,Premium,63.42,12,2024-07-10,West,26-35,False
CUST_00435,control,Standard,0.0,10,2024-04-17,East,55+,True
CUST_00797,treatment,Basic,27.9,28,2024-04-30,West,26-35,True
CUST_00154,treatment,Premium,89.87,16,2024-01-25,East,36-45,True
CUST_00076,treatment,Premium,74.01,23,2024-07-19,North,55+,False
CUST_01043,treatment,New,15.36,21,2024-09-18,West,26-35,False
CUST_00581,treatment,Standard,54.34,30,2024-04-27,South,18-25,False
CUST_00447,treatment,Standard,52.82,29,2024-11-22,South,55+,True
CUST_00704,treatment,Basic,16.15,19,2024-03-28,East,36-45,False
CUST_00189,control,Premium,42.77,9,2024-12-02,South,46-55,False
CUST_00272,control,Premium,39.41,8,2024-03-02,East,55+,False
CUST_00237,control,Premium,38.13,19,2024-10-01,South,55+,False
CUST_00488,treatment,Standard,46.71,7,2024-11-26,West,26-35,False
CUST_01160,treatment,New,0.0,29,2024-03-13,West,36-45,True
CUST_00560,control,Standard,51.14,12,2024-07-09,South,46-55,True
CUST_00118,control,Premium,0.0,7,2024-09-10,West,26-35,False
CUST_00638,treatment,Basic,27.94,18,2024-03-13,West,26-35,True
CUST_01128,control,New,4.03,8,2024-05-29,West,18-25,False
CUST_00751,control,Basic,32.92,7,2024-03-08,South,18-25,False
CUST_00513,treatment,Standard,58.2,25,2024-09-27,East,36-45,True
CUST_00634,control,Basic,18.58,17,2024-10-22,South,36-45,True
CUST_00786,treatment,Basic,24.3,23,2024-05-19,South,46-55,True
CUST_01007,control,New,0.0,11,2024-09-02,West,18-25,True
CUST_00853,control,Basic,38.95,24,2024-02-26,East,46-55,False
CUST_00127,control,Premium,63.97,27,2024-06-02,North,36-45,True
CUST_00117,treatment,Premium,79.87,10,2024-06-05,South,18-25,True
CUST_00474,control,Standard,28.66,12,2024-02-27,North,46-55,False
CUST_00741,treatment,Basic,0.0,11,2024-09-28,South,26-35,False
CUST_00993,treatment,New,19.44,12,2024-10-16,West,36-45,False
CUST_00058,treatment,Premium,82.08,27,2024-04-23,North,36-45,True
CUST_00604,treatment,Basic,0.0,30,2024-12-29,East,26-35,True
CUST_00787,control,Basic,28.39,8,2024-08-23,South,55+,False
CUST_00971,treatment,New,0.0,12,2024-04-29,North,26-35,False
CUST_00657,treatment,Basic,41.69,28,2024-02-12,East,46-55,False
CUST_00903,control,New,4.85,9,2024-01-06,North,26-35,False
CUST_00922,control,New,0.0,20,2024-05-22,South,26-35,True
CUST_00106,control,Premium,0.0,19,2024-10-26,North,26-35,False
CUST_00636,treatment,Basic,38.51,16,2024-10-24,West,18-25,True
CUST_00370,treatment,Standard,63.79,15,2024-05-01,South,46-55,False
CUST_00269,treatment,Premium,73.87,7,2024-09-16,West,18-25,True
CUST_00656,control,Basic,0.0,12,2024-06-21,East,55+,True
CUST_00047,treatment,Premium,103.89,26,2024-05-23,North,26-35,False
CUST_00350,control,Standard,48.94,15,2024-11-19,East,18-25,False
CUST_00774,treatment,Basic,26.91,20,2024-04-29,North,18-25,False
CUST_00196,treatment,Premium,94.4,28,2024-04-26,South,36-45,False
CUST_00103,treatment,Premium,91.89,30,2024-11-06,North,36-45,True
CUST_00005,treatment,Premium,84.17,24,2024-03-29,West,26-35,False
CUST_00620,treatment,Basic,44.43,14,2024-09-19,East,46-55,False
CUST_00991,control,New,0.0,13,2024-08-09,West,46-55,False
CUST_00053,treatment,Premium,67.05,29,2024-09-06,South,55+,False
CUST_00264,control,Premium,0.0,20,2024-11-16,South,55+,False
CUST_01093,treatment,New,0.0,22,2024-07-22,West,36-45,False
CUST_00444,treatment,Standard,0.0,7,2024-02-27,South,55+,False
CUST_00972,control,New,0.0,30,2024-12-06,East,36-45,False
CUST_00783,control,Basic,0.0,22,2024-07-07,South,18-25,True
CUST_00847,control,Basic,16.24,9,2024-06-01,East,55+,False
CUST_00692,treatment,Basic,25.96,25,2024-02-25,East,18-25,False
CUST_00305,control,Standard,37.28,10,2024-05-27,West,36-45,True
CUST_00342,treatment,Standard,0.0,29,2024-03-31,South,46-55,True
CUST_00867,treatment,Basic,17.82,16,2024-02-20,East,55+,False
CUST_00314,treatment,Standard,43.93,26,2024-12-03,South,36-45,True
CUST_00150,control,Premium,50.26,17,2024-10-22,East,46-55,True
CUST_00125,treatment,Premium,0.0,29,2024-09-13,South,55+,True
CUST_01063,treatment,New,0.0,8,2024-07-20,South,36-45,False
CUST_00575,treatment,Standard,43.04,14,2024-12-04,East,46-55,True
CUST_00698,treatment,Basic,0.0,29,2024-10-01,South,46-55,True
CUST_00665,treatment,Basic,26.74,21,2024-11-08,South,18-25,False
CUST_00051,control,Premium,50.87,28,2024-07-03,North,46-55,True
CUST_00727,control,Basic,0.0,23,2024-07-09,North,55+,True
CUST_00800,control,Basic,19.56,20,2024-08-27,South,26-35,True
CUST_00354,treatment,Standard,35.78,29,2024-12-26,North,18-25,False
CUST_01153,control,New,15.79,23,2024-02-26,South,26-35,True
CUST_00143,control,Premium,0.0,30,2024-02-28,South,18-25,False
CUST_00471,treatment,Standard,76.76,8,2024-02-16,East,46-55,True
CUST_00654,control,Basic,0.0,22,2024-06-09,East,46-55,True
CUST_00400,treatment,Standard,52.67,25,2024-02-22,East,18-25,True
CUST_01154,control,New,0.0,14,2024-11-21,South,26-35,True
CUST_00938,treatment,New,30.77,11,2024-01-22,East,55+,False
CUST_00321,treatment,Standard,52.16,28,2024-04-21,North,26-35,False
CUST_00020,control,Premium,0.0,13,2024-07-08,North,18-25,True
CUST_00685,control,Basic,28.43,9,2024-12-04,South,46-55,True
CUST_00036,control,Premium,54.13,12,2024-08-17,North,36-45,False
CUST_00825,control,Basic,0.0,22,2024-10-18,North,46-55,False
CUST_00506,treatment,Standard,0.0,14,2024-12-28,North,18-25,True
CUST_00828,treatment,Basic,0.0,26,2024-03-09,South,26-35,True
CUST_01071,control,New,0.0,24,2024-03-11,East,26-35,False
CUST_00408,treatment,Standard,0.0,7,2024-11-11,East,18-25,False
CUST_00818,treatment,Basic,0.0,19,2024-05-30,East,55+,True
CUST_00538,control,Standard,0.0,20,2024-07-21,West,36-45,True
CUST_00759,control,Basic,26.56,28,2024-06-16,South,46-55,True
CUST_01069,control,New,15.04,16,2024-07-06,South,36-45,True
CUST_00893,control,Basic,25.95,28,2024-03-25,North,18-25,True
CUST_00039,control,Premium,0.0,9,2024-07-06,North,46-55,True
CUST_00176,treatment,Premium,0.0,14,2024-10-27,West,55+,True
CUST_00246,treatment,Premium,101.45,28,2024-10-19,East,36-45,False
CUST_00811,treatment,Basic,26.46,28,2024-01-13,East,55+,True
CUST_01085,treatment,New,20.56,24,2024-12-28,North,26-35,False
CUST_01078,control,New,42.7,16,2024-07-05,South,46-55,True
CUST_00785,control,Basic,9.5,20,2024-07-17,North,26-35,True
CUST_01185,treatment,New,20.63,23,2024-06-26,North,26-35,True
CUST_00490,control,Standard,0.0,20,2024-09-20,East,26-35,True
CUST_00155,treatment,Premium,0.0,23,2024-11-25,North,18-25,True
CUST_00639,control,Basic,0.0,22,2024-10-02,East,46-55,False
CUST_00663,control,Basic,0.0,22,2024-09-25,North,55+,False
CUST_00854,treatment,Basic,0.0,9,2024-10-05,North,18-25,True
CUST_00288,control,Premium,67.99,14,2024-11-10,South,46-55,False
CUST_00626,control,Basic,13.46,28,2024-06-28,West,46-55,True
CUST_01200,treatment,New,0.0,22,2024-05-05,South,46-55,True
CUST_00686,treatment,Basic,27.29,25,2024-03-07,West,26-35,False
CUST_00873,treatment,Basic,34.76,28,2024-04-16,East,36-45,True
CUST_00570,control,Standard,21.68,26,2024-11-08,West,18-25,False
CUST_01144,treatment,New,16.65,16,2024-04-02,North,46-55,False
CUST_00735,control,Basic,0.0,20,2024-09-09,North,18-25,False
CUST_00793,treatment,Basic,33.68,11,2024-01-23,North,55+,True
CUST_00018,control,Premium,48.87,13,2024-07-05,East,46-55,False
CUST_00128,treatment,Premium,0.0,12,2024-07-28,East,26-35,True
CUST_00323,treatment,Standard,47.25,10,2024-08-01,East,55+,True
CUST_00256,treatment,Premium,0.0,14,2024-09-04,West,18-25,True
CUST_00944,control,New,26.99,27,2024-07-01,East,18-25,True
CUST_01180,control,New,0.0,19,2024-02-28,West,18-25,True
CUST_00191,control,Premium,31.53,12,2024-01-15,South,55+,True
CUST_00116,treatment,Premium,0.0,13,2024-06-27,West,26-35,False
CUST_01174,control,New,34.93,11,2024-08-09,East,26-35,True
CUST_00889,treatment,Basic,29.68,12,2024-02-15,South,36-45,False
CUST_00607,control,Basic,0.0,20,2024-04-17,West,55+,True
CUST_00181,control,Premium,41.89,19,2024-02-15,East,18-25,True
CUST_00302,control,Standard,26.74,25,2024-10-31,East,36-45,False
CUST_00497,control,Standard,51.31,18,2024-10-09,West,26-35,True
CUST_00349,treatment,Standard,55.84,26,2024-12-22,East,46-55,True
CUST_01036,treatment,New,0.0,24,2024-06-10,East,18-25,True
CUST_00983,treatment,New,0.0,26,2024-08-01,South,36-45,False
CUST_00745,control,Basic,0.0,29,2024-06-05,South,36-45,False
CUST_01152,treatment,New,19.4,29,2024-04-18,North,46-55,False
CUST_00518,control,Standard,31.61,8,2024-11-12,West,18-25,False
CUST_00373,control,Standard,33.15,24,2024-05-05,East,18-25,True
CUST_00046,control,Premium,0.0,18,2024-04-17,North,46-55,False
CUST_00477,control,Standard,26.34,12,2024-01-20,East,18-25,False
CUST_00158,control,Premium,54.59,16,2024-01-16,East,18-25,True
CUST_01047,control,New,8.33,25,2024-08-16,East,18-25,False
CUST_00172,control,Premium,0.0,15,2024-03-08,South,55+,False
CUST_00017,treatment,Premium,81.5,10,2024-08-09,North,55+,True
CUST_00512,control,Standard,25.82,7,2024-04-02,North,18-25,True
CUST_00049,treatment,Premium,85.05,7,2024-08-26,South,18-25,False
CUST_00192,treatment,Premium,74.33,18,2024-09-30,East,46-55,False
CUST_00547,treatment,Standard,0.0,14,2024-07-25,East,55+,False
CUST_00516,treatment,Standard,57.54,9,2024-06-30,South,36-45,True
CUST_00978,treatment,New,0.0,16,2024-08-11,North,46-55,False
CUST_00939,control,New,25.4,17,2024-01-18,South,55+,False
CUST_00829,treatment,Basic,36.35,22,2024-09-07,East,36-45,False
CUST_00984,control,New,10.41,8,2024-05-02,West,55+,True
CUST_00481,treatment,Standard,52.42,8,2024-01-25,North,46-55,True
CUST_01129,treatment,New,30.42,14,2024-09-28,South,55+,False
CUST_00284,treatment,Premium,62.21,23,2024-08-10,West,18-25,True
CUST_01030,control,New,27.92,18,2024-03-19,North,26-35,False
CUST_00798,treatment,Basic,18.33,25,2024-09-23,East,18-25,True
CUST_00940,control,New,0.0,7,2024-06-02,West,18-25,True
CUST_00226,control,Premium,0.0,23,2024-01-26,West,18-25,False
CUST_00027,control,Premium,57.9,10,2024-12-11,East,36-45,False
CUST_00283,control,Premium,0.0,28,2024-12-17,West,26-35,False
CUST_01150,treatment,New,25.89,13,2024-06-04,South,55+,True
CUST_00438,control,Standard,0.0,24,2024-12-07,North,46-55,True
CUST_01168,treatment,New,32.83,13,2024-07-29,East,46-55,False
CUST_00365,treatment,Standard,0.0,16,2024-11-02,East,55+,False
CUST_00230,treatment,Premium,82.06,12,2024-03-22,North,18-25,True
CUST_00038,treatment,Premium,71.53,23,2024-06-20,West,55+,False
CUST_00670,treatment,Basic,11.33,8,2024-01-04,North,46-55,True
CUST_00750,control,Basic,0.0,9,2024-03-11,West,26-35,False
CUST_01181,treatment,New,0.0,23,2024-02-17,West,18-25,True
CUST_00375,treatment,Standard,45.28,30,2024-12-09,East,36-45,True
CUST_00470,control,Standard,36.72,20,2024-03-09,South,36-45,True
CUST_00883,treatment,Basic,29.65,22,2024-10-26,South,18-25,False
CUST_01182,control,New,20.48,30,2024-03-29,North,18-25,True
CUST_00688,control,Basic,0.0,19,2024-11-22,East,26-35,True
CUST_00033,control,Premium,0.0,24,2024-12-03,South,36-45,False
CUST_01011,control,New,0.0,29,2024-05-31,South,36-45,False
CUST_01176,treatment,New,28.61,30,2024-04-20,South,55+,True
CUST_00195,control,Premium,49.1,23,2024-08-23,West,46-55,True
CUST_01106,treatment,New,39.42,20,2024-07-14,South,18-25,True
CUST_01114,treatment,New,18.83,25,2024-07-18,West,36-45,True
CUST_01064,control,New,0.0,17,2024-01-23,East,26-35,True
CUST_00504,treatment,Standard,0.0,20,2024-05-01,South,46-55,True
CUST_00916,treatment,New,19.91,25,2024-03-13,East,18-25,True
CUST_00977,control,New,21.26,20,2024-06-30,East,26-35,True
CUST_01183,treatment,New,0.0,23,2024-05-26,West,36-45,True
CUST_01088,control,New,0.0,16,2024-11-16,South,55+,True
CUST_00801,control,Basic,34.65,13,2024-01-20,West,18-25,True
CUST_00580,control,Standard,30.29,12,2024-05-16,East,46-55,True
CUST_00161,treatment,Premium,82.22,29,2024-12-29,East,18-25,False
CUST_00681,treatment,Basic,19.88,8,2024-04-02,West,26-35,False
CUST_01198,control,New,23.09,19,2024-02-23,West,26-35,True
CUST_00163,control,Premium,0.0,29,2024-09-25,North,26-35,False
CUST_00822,control,Basic,0.0,16,2024-11-19,North,18-25,True
CUST_00706,treatment,Basic,16.22,23,2024-12-08,West,55+,False
CUST_01009,treatment,New,0.0,11,2024-09-29,South,18-25,False
CUST_00878,treatment,Basic,9.27,15,2024-01-20,North,26-35,False
CUST_00896,control,Basic,0.0,30,2024-07-26,East,36-45,True
CUST_00914,control,New,24.79,26,2024-12-22,North,46-55,False
CUST_01199,control,New,0.0,17,2024-01-31,North,36-45,True
CUST_00153,treatment,Premium,63.1,27,2024-03-13,North,18-25,True
CUST_00979,treatment,New,34.59,26,2024-12-03,South,26-35,True
CUST_01003,control,New,7.32,14,2024-03-14,East,46-55,True
CUST_00510,control,Standard,0.0,13,2024-11-04,North,18-25,False
CUST_00112,control,Premium,0.0,11,2024-09-26,West,36-45,True
CUST_00227,treatment,Premium,86.18,22,2024-03-09,North,26-35,False
CUST_00986,treatment,New,42.39,17,2024-10-21,North,55+,False
CUST_00852,treatment,Basic,23.1,12,2024-07-15,South,46-55,False
CUST_00104,treatment,Premium,79.59,30,2024-08-10,South,26-35,False
CUST_00422,control,Standard,26.3,27,2024-05-14,West,36-45,True
CUST_00420,control,Standard,28.39,16,2024-07-05,East,18-25,False
CUST_00625,treatment,Basic,22.91,11,2024-12-21,South,55+,True
CUST_00587,treatment,Standard,55.52,9,2024-08-01,West,36-45,False
CUST_01061,control,New,14.88,23,2024-04-03,East,46-55,False
CUST_00920,control,New,0.0,16,2024-06-19,North,55+,True
CUST_00673,treatment,Basic,40.78,23,2024-02-08,West,26-35,False
CUST_00120,control,Premium,0.0,21,2024-11-19,West,55+,False
CUST_00054,treatment,Premium,78.95,25,2024-04-05,North,55+,True
CUST_00152,treatment,Premium,81.33,26,2024-08-14,West,36-45,True
CUST_00404,treatment,Standard,0.0,21,2024-08-28,South,55+,False
CUST_01189,treatment,New,0.0,18,2024-10-28,East,18-25,True
CUST_00208,treatment,Premium,91.98,7,2024-11-27,North,55+,True
CUST_01135,control,New,22.1,10,2024-07-11,South,36-45,True
CUST_00659,treatment,Basic,26.57,29,2024-09-23,South,26-35,True
CUST_01097,treatment,New,13.16,29,2024-04-18,East,18-25,True
CUST_00233,treatment,Premium,81.7,16,2024-09-21,East,55+,False
CUST_00009,control,Premium,0.0,14,2024-08-02,West,18-25,False
CUST_00160,control,Premium,0.0,26,2024-04-12,North,36-45,False
CUST_00037,control,Premium,0.0,21,2024-11-12,West,36-45,False
CUST_00453,treatment,Standard,0.0,13,2024-04-12,South,55+,True
CUST_00652,control,Basic,0.0,28,2024-08-05,West,36-45,False
CUST_00254,control,Premium,67.27,22,2024-04-15,South,18-25,True
CUST_00304,treatment,Standard,49.07,23,2024-09-07,West,36-45,True
CUST_00897,control,Basic,0.0,12,2024-06-22,North,36-45,False
CUST_01049,control,New,0.0,8,2024-01-16,East,55+,True
CUST_00881,control,Basic,0.0,26,2024-10-15,South,26-35,True
CUST_00572,control,Standard,44.09,18,2024-11-16,East,26-35,False
CUST_00624,treatment,Basic,29.22,26,2024-10-07,South,46-55,False
CUST_01145,control,New,0.0,23,2024-04-12,East,46-55,True
CUST_01031,treatment,New,0.0,24,2024-08-11,South,26-35,False
CUST_01146,treatment,New,23.55,25,2024-05-31,North,36-45,True
CUST_00263,treatment,Premium,0.0,16,2024-01-25,South,18-25,True
CUST_00611,treatment,Basic,19.68,19,2024-09-07,South,36-45,True
CUST_00298,treatment,Premium,0.0,11,2024-07-04,West,55+,False
CUST_00990,control,New,0.0,10,2024-01-12,North,26-35,False
CUST_00415,control,Standard,36.66,7,2024-12-21,North,46-55,True
CUST_00151,control,Premium,55.41,30,2024-09-02,South,55+,False
CUST_00946,control,New,27.22,9,2024-07-28,East,18-25,False
CUST_00473,control,Standard,31.47,16,2024-12-26,North,26-35,False
CUST_00953,treatment,New,27.33,27,2024-10-09,South,36-45,False
CUST_00988,treatment,New,24.15,15,2024-04-30,East,36-45,True
CUST_00779,treatment,Basic,23.6,11,2024-09-03,East,26-35,False
CUST_00641,control,Basic,0.0,26,2024-05-04,East,55+,False
CUST_01190,control,New,0.0,20,2024-12-06,South,46-55,True
CUST_01143,treatment,New,21.25,14,2024-10-09,South,36-45,True
CUST_00551,treatment,Standard,0.0,30,2024-02-29,South,46-55,True
CUST_00640,treatment,Basic,15.12,30,2024-06-07,North,26-35,True
CUST_00936,control,New,0.0,25,2024-06-18,North,46-55,True
CUST_00929,treatment,New,26.95,18,2024-02-16,South,26-35,True
CUST_00489,control,Standard,0.0,19,2024-06-22,East,26-35,False
CUST_00820,treatment,Basic,25.05,11,2024-08-31,South,46-55,False
CUST_00711,control,Basic,0.0,22,2024-06-30,East,18-25,True
CUST_01081,treatment,New,0.0,15,2024-12-05,North,36-45,False
CUST_00148,treatment,Premium,79.79,27,2024-06-21,North,26-35,True
CUST_00147,treatment,Premium,98.11,28,2024-01-27,North,36-45,False
CUST_01175,control,New,0.0,7,2024-08-22,South,36-45,False
CUST_00963,control,New,0.0,22,2024-11-27,North,55+,False
CUST_00346,treatment,Standard,79.68,15,2024-11-15,North,46-55,True
CUST_00403,control,Standard,26.65,8,2024-12-03,West,26-35,True
CUST_00932,control,New,0.0,23,2024-01-11,East,26-35,False
CUST_00955,treatment,New,17.6,20,2024-08-01,East,55+,True
CUST_01125,control,New,35.09,18,2024-01-15,South,46-55,False
CUST_00660,control,Basic,0.0,25,2024-08-17,North,26-35,False
CUST_00464,treatment,Standard,0.0,9,2024-03-18,South,18-25,False
CUST_00187,treatment,Premium,95.66,8,2024-08-13,North,46-55,True
CUST_00609,control,Basic,26.57,9,2024-04-15,East,36-45,True
CUST_00144,treatment,Premium,83.99,14,2024-08-24,North,18-25,False
CUST_00752,control,Basic,33.11,21,2024-11-27,South,36-45,False
CUST_00982,treatment,New,15.32,21,2024-01-29,South,36-45,False
CUST_00198,control,Premium,25.76,28,2024-06-27,West,18-25,True
CUST_00884,treatment,Basic,25.63,15,2024-11-10,North,46-55,True
CUST_00280,treatment,Premium,0.0,11,2024-03-27,North,55+,False
CUST_00294,control,Premium,76.02,14,2024-12-27,South,18-25,False
CUST_01089,treatment,New,0.0,11,2024-04-14,South,18-25,True
CUST_00401,treatment,Standard,55.1,16,2024-02-23,West,46-55,False
CUST_00123,control,Premium,0.0,18,2024-12-21,West,46-55,True
CUST_00203,control,Premium,0.0,21,2024-09-07,East,36-45,False
CUST_00836,control,Basic,24.57,11,2024-11-28,East,55+,False
CUST_00247,treatment,Premium,66.74,8,2024-11-15,East,55+,False
CUST_01140,treatment,New,25.25,14,2024-11-20,North,18-25,True
CUST_00385,control,Standard,54.97,21,2024-05-19,South,55+,False
CUST_00855,treatment,Basic,28.36,30,2024-07-06,North,36-45,False
CUST_00220,treatment,Premium,81.78,8,2024-10-19,West,26-35,True
CUST_00642,control,Basic,0.0,30,2024-06-10,West,26-35,False
CUST_00002,control,Premium,53.19,8,2024-12-09,West,26-35,False
CUST_00113,treatment,Premium,0.0,19,2024-02-11,North,26-35,False
CUST_00699,treatment,Basic,28.13,26,2024-09-09,South,18-25,True
CUST_00952,control,New,0.0,22,2024-11-16,North,36-45,False
CUST_01079,treatment,New,36.44,7,2024-02-25,North,26-35,False
CUST_00442,treatment,Standard,59.07,13,2024-08-28,East,46-55,False
CUST_00664,treatment,Basic,0.0,10,2024-03-15,West,18-25,True
CUST_01197,treatment,New,0.0,23,2024-07-13,South,46-55,True
CUST_00318,control,Standard,0.0,15,2024-06-09,South,55+,False
CUST_00649,control,Basic,0.0,25,2024-04-19,South,55+,True
CUST_00710,treatment,Basic,25.98,17,2024-12-10,West,26-35,True
CUST_00973,treatment,New,4.53,23,2024-03-20,East,36-45,False
CUST_00628,control,Basic,0.0,24,2024-01-05,West,36-45,True
CUST_00633,control,Basic,16.38,16,2024-07-17,South,26-35,False
CUST_01172,treatment,New,22.36,16,2024-11-24,East,46-55,False
CUST_01107,control,New,13.0,17,2024-06-01,West,36-45,False
CUST_00796,treatment,Basic,20.13,25,2024-09-13,West,46-55,False
CUST_00646,control,Basic,0.0,13,2024-02-15,West,46-55,True
CUST_01013,control,New,0.0,7,2024-06-23,South,46-55,False
CUST_00557,control,Standard,0.0,18,2024-02-07,East,46-55,True
CUST_00682,control,Basic,0.0,29,2024-07-03,North,36-45,False
CUST_00578,treatment,Standard,52.06,25,2024-07-04,West,36-45,False
CUST_00525,control,Standard,0.0,7,2024-06-21,West,46-55,True
CUST_01060,control,New,32.08,19,2024-10-15,North,26-35,True
CUST_00541,treatment,Standard,0.0,20,2024-05-21,South,46-55,False
CUST_00749,treatment,Basic,31.96,16,2024-03-19,South,36-45,False
CUST_01110,treatment,New,0.0,15,2024-04-21,South,26-35,False
CUST_00485,control,Standard,38.13,25,2024-09-04,West,18-25,True
CUST_00096,treatment,Premium,72.25,19,2024-06-02,South,36-45,False
CUST_01021,control,New,26.71,8,2024-11-28,East,46-55,True
CUST_00564,control,Standard,0.0,10,2024-01-13,North,26-35,False
CUST_00743,treatment,Basic,24.98,26,2024-01-16,East,18-25,True
CUST_00864,control,Basic,0.0,10,2024-11-22,South,18-25,True
CUST_00892,treatment,Basic,27.15,8,2024-07-06,South,55+,True
CUST_01039,treatment,New,0.0,19,2024-04-17,East,36-45,False
CUST_00207,treatment,Premium,66.89,9,2024-07-20,East,36-45,True
CUST_00393,control,Standard,49.57,21,2024-06-11,East,26-35,False
CUST_00795,treatment,Basic,9.99,16,2024-05-19,South,46-55,True
CUST_00871,treatment,Basic,25.35,14,2024-11-19,South,55+,True
CUST_00398,treatment,Standard,62.3,8,2024-01-13,West,46-55,False
CUST_00767,control,Basic,0.0,24,2024-02-12,East,18-25,True
CUST_01100,treatment,New,28.94,23,2024-01-20,West,18-25,False
CUST_01029,control,New,19.39,12,2024-02-07,North,55+,True
CUST_00643,treatment,Basic,0.0,19,2024-01-22,South,55+,False
CUST_00613,treatment,Basic,23.43,26,2024-09-12,East,18-25,False
CUST_00961,control,New,0.0,8,2024-10-04,East,55+,True
CUST_00726,treatment,Basic,19.93,14,2024-06-27,West,26-35,False
CUST_00684,treatment,Basic,36.2,16,2024-09-07,East,26-35,True
CUST_00099,treatment,Premium,0.0,26,2024-01-25,West,26-35,True
CUST_00805,control,Basic,0.0,18,2024-10-30,South,36-45,False
CUST_00407,control,Standard,0.0,25,2024-06-25,South,46-55,True
CUST_00503,control,Standard,0.0,28,2024-09-02,North,18-25,False
CUST_01072,treatment,New,18.27,13,2024-04-03,South,55+,True
CUST_01057,control,New,11.73,29,2024-06-15,West,18-25,False
CUST_00930,control,New,30.17,17,2024-06-10,North,36-45,True
CUST_00780,treatment,Basic,30.83,27,2024-05-10,South,18-25,False
CUST_00201,treatment,Premium,89.19,18,2024-10-31,West,36-45,True
CUST_00135,control,Premium,48.5,20,2024-06-10,West,18-25,True
CUST_01052,treatment,New,0.0,10,2024-07-04,South,18-25,True
CUST_00041,treatment,Premium,68.52,16,2024-09-29,West,18-25,True
CUST_01018,control,New,0.0,18,2024-10-17,North,46-55,True
CUST_00231,treatment,Premium,78.5,27,2024-05-22,North,46-55,False
CUST_00379,control,Standard,16.52,10,2024-03-09,North,18-25,True
CUST_00289,control,Premium,0.0,30,2024-05-01,West,18-25,False
CUST_00419,control,Standard,51.94,22,2024-06-23,North,46-55,False
CUST_00392,control,Standard,0.0,16,2024-11-15,South,55+,False
CUST_00593,treatment,Standard,55.36,16,2024-06-30,South,55+,True
CUST_01087,treatment,New,0.0,7,2024-02-27,East,18-25,False
CUST_00648,control,Basic,32.82,20,2024-11-30,East,18-25,True
CUST_00521,control,Standard,0.0,10,2024-09-01,South,26-35,False
CUST_00065,treatment,Premium,0.0,17,2024-11-26,South,46-55,True
CUST_00015,treatment,Premium,0.0,9,2024-09-13,North,26-35,True
CUST_01065,treatment,New,9.82,12,2024-01-22,North,18-25,True
CUST_00493,treatment,Standard,61.46,8,2024-03-03,South,36-45,False
CUST_00380,control,Standard,17.16,27,2024-12-08,East,36-45,False
CUST_00188,treatment,Premium,0.0,21,2024-10-11,North,36-45,False
CUST_00764,control,Basic,0.0,7,2024-02-05,North,36-45,True
CUST_00217,treatment,Premium,80.77,15,2024-09-13,North,46-55,False
CUST_00792,treatment,Basic,0.0,11,2024-10-30,East,36-45,True
CUST_01077,treatment,New,0.0,23,2024-07-04,South,26-35,False
CUST_00879,treatment,Basic,24.34,13,2024-05-24,North,36-45,False
CUST_00338,control,Standard,0.0,9,2024-10-15,West,55+,False
CUST_00720,control,Basic,40.1,29,2024-04-12,West,55+,True
CUST_00296,control,Premium,45.77,15,2024-03-26,South,26-35,False
CUST_01017,control,New,0.0,20,2024-11-07,West,18-25,False
CUST_00456,treatment,Standard,64.85,22,2024-02-16,South,46-55,True
CUST_00816,treatment,Basic,0.0,14,2024-12-20,East,46-55,True
CUST_00270,control,Premium,46.98,26,2024-05-03,South,26-35,True
CUST_00996,treatment,New,21.96,19,2024-11-04,West,46-55,True
CUST_00202,control,Premium,55.53,12,2024-03-13,East,18-25,False
CUST_00162,control,Premium,45.21,24,2024-06-09,West,55+,False
CUST_00730,treatment,Basic,42.7,22,2024-01-21,South,36-45,False
CUST_00402,control,Standard,47.04,20,2024-02-22,West,46-55,True
CUST_00703,treatment,Basic,38.04,29,2024-12-28,East,55+,True
CUST_01130,control,New,21.39,9,2024-04-11,South,46-55,False
CUST_00566,control,Standard,27.7,20,2024-11-23,West,36-45,False
CUST_01022,treatment,New,21.46,19,2024-04-02,South,46-55,False
CUST_01026,control,New,22.12,24,2024-03-26,South,18-25,False
CUST_01105,control,New,20.07,16,2024-12-19,South,18-25,False
CUST_00206,treatment,Premium,75.16,29,2024-10-14,East,46-55,False
CUST_00035,control,Premium,0.0,7,2024-06-24,West,36-45,True
CUST_00776,control,Basic,0.0,17,2024-12-06,North,26-35,True
CUST_00509,treatment,Standard,0.0,13,2024-09-25,North,26-35,True
CUST_01184,control,New,0.0,23,2024-03-01,North,18-25,False
CUST_00092,treatment,Premium,70.88,11,2024-04-01,South,55+,False
CUST_00898,treatment,Basic,23.3,22,2024-09-21,East,26-35,False
CUST_00565,treatment,Standard,39.17,7,2024-09-29,West,26-35,False
CUST_00777,treatment,Basic,24.64,23,2024-09-30,South,46-55,True
CUST_00242,control,Premium,0.0,28,2024-08-07,North,26-35,True
CUST_00014,treatment,Premium,73.77,30,2024-10-19,East,46-55,False
CUST_00316,treatment,Standard,0.0,27,2024-06-02,West,18-25,True
CUST_00601,treatment,Basic,22.69,19,2024-11-09,West,55+,False
CUST_00388,control,Standard,35.35,29,2024-07-21,West,18-25,True
CUST_00167,treatment,Premium,79.65,30,2024-05-19,East,26-35,True
CUST_00841,treatment,Basic,23.6,11,2024-02-27,North,46-55,True
CUST_00021,control,Premium,0.0,11,2024-08-12,East,26-35,False
CUST_00647,control,Basic,0.0,8,2024-09-17,North,36-45,False
CUST_01155,control,New,0.0,13,2024-09-25,South,36-45,True
CUST_00832,control,Basic,0.0,22,2024-07-03,East,55+,True
CUST_00563,control,Standard,0.0,15,2024-10-13,South,55+,False
CUST_01171,control,New,0.0,23,2024-02-15,West,26-35,True
CUST_00687,treatment,Basic,5.01,9,2024-02-14,West,55+,True
CUST_00958,control,New,0.0,26,2024-09-11,North,46-55,False
CUST_00190,treatment,Premium,0.0,22,2024-12-22,East,46-55,False
CUST_00976,control,New,7.29,29,2024-09-13,North,55+,False
CUST_00700,control,Basic,5.68,9,2024-06-16,West,55+,False
CUST_00511,control,Standard,34.45,27,2024-10-08,West,18-25,False
CUST_01083,treatment,New,25.81,21,2024-01-07,West,55+,False
CUST_00475,control,Standard,39.09,23,2024-07-22,East,36-45,True
CUST_00857,treatment,Basic,29.74,28,2024-05-25,West,36-45,False
CUST_00748,control,Basic,32.01,29,2024-12-27,West,18-25,True
CUST_00253,control,Premium,47.4,18,2024-02-05,North,55+,True
CUST_00022,treatment,Premium,74.93,30,2024-08-20,West,18-25,False
CUST_00460,control,Standard,44.52,23,2024-03-28,South,36-45,False
CUST_00277,control,Premium,54.95,23,2024-04-29,North,18-25,True
CUST_00956,control,New,26.88,23,2024-08-03,East,18-25,True
CUST_00386,control,Standard,53.74,23,2024-07-02,West,18-25,False
CUST_00806,control,Basic,0.0,16,2024-10-08,North,36-45,True
CUST_00344,treatment,Standard,0.0,25,2024-04-19,East,36-45,False
CUST_00770,control,Basic,0.0,18,2024-02-25,West,18-25,False
CUST_00131,control,Premium,47.31,14,2024-02-18,East,18-25,False
CUST_00872,control,Basic,10.03,23,2024-12-20,North,18-25,False
CUST_01124,control,New,0.0,27,2024-06-25,East,36-45,True
CUST_00088,control,Premium,70.52,16,2024-02-20,North,55+,True
CUST_00331,control,Standard,39.08,7,2024-03-03,North,55+,True
CUST_00467,treatment,Standard,49.25,30,2024-01-22,East,18-25,True
CUST_00122,control,Premium,69.99,21,2024-12-11,South,36-45,False
CUST_01045,control,New,34.39,30,2024-11-06,North,26-35,True
CUST_01096,control,New,0.0,8,2024-08-18,North,26-35,False
CUST_01131,treatment,New,29.02,7,2024-08-06,North,36-45,True
CUST_00861,treatment,Basic,16.03,26,2024-06-14,East,46-55,True
CUST_01127,control,New,31.66,17,2024-06-05,East,18-25,False
