user_id,ab_variant,tier,pre_revenue,revenue,days_in_experiment
1,test,Bronze,32.26,29.74,33
2,ctrl,Silver,79.14,73.79,29
3,test,Silver,54.63,67.64,43
4,ctrl,Bronze,22.64,28.73,34
5,ctrl,Silver,72.05,73.21,23
6,test,Bronze,44.44,43.54,44
7,test,Silver,51.02,59.74,14
8,test,Gold,104.47,125.87,26
9,ctrl,Bronze,22.96,23.81,28
10,ctrl,Silver,41.0,40.92,32
11,test,Bronze,32.97,38.49,26
12,test,Silver,75.41,80.17,17
13,ctrl,Bronze,37.13,42.39,17
14,ctrl,Silver,53.59,50.77,33
15,test,Silver,49.52,57.99,28
16,ctrl,Gold,99.86,100.47,19
17,test,Silver,65.62,71.13,27
18,ctrl,Silver,52.82,49.13,21
19,test,Bronze,29.47,31.0,26
20,ctrl,Silver,55.44,57.5,38
21,test,Silver,85.05,93.54,20
22,ctrl,Silver,43.51,42.98,39
23,ctrl,Silver,41.41,38.48,37
24,test,Bronze,29.72,29.61,38
25,ctrl,Silver,59.7,59.81,32
26,test,Silver,66.57,69.29,25
27,ctrl,Silver,77.96,75.91,40
28,ctrl,Gold,115.66,114.21,17
29,test,Silver,83.51,85.44,18
30,ctrl,Gold,99.31,97.05,29
31,ctrl,Gold,95.34,96.29,37
32,ctrl,Bronze,29.58,25.43,24
33,test,Bronze,42.15,43.09,21
34,ctrl,Silver,51.78,59.44,23
35,ctrl,Bronze,42.33,43.69,32
36,test,Bronze,35.51,38.08,26
37,test,Gold,78.82,93.19,44
38,test,Silver,32.11,39.88,31
39,test,Bronze,35.93,38.19,35
40,test,Silver,70.66,75.36,21
41,ctrl,Gold,84.27,84.04,35
42,test,Gold,122.48,144.06,21
43,test,Silver,72.3,84.11,19
44,test,Silver,47.5,51.59,35
45,test,Silver,53.41,58.48,37
46,ctrl,Bronze,29.92,26.95,16
47,ctrl,Bronze,29.37,26.71,20
48,ctrl,Silver,53.32,53.12,40
49,test,Bronze,47.61,51.67,14
50,ctrl,Gold,88.29,87.93,33
51,ctrl,Silver,73.26,71.51,28
52,test,Silver,40.89,51.44,23
53,ctrl,Silver,64.14,64.57,35
54,ctrl,Silver,52.42,48.45,41
55,ctrl,Bronze,19.73,24.78,30
56,test,Silver,45.15,53.52,39
57,test,Silver,73.43,80.37,34
58,test,Gold,105.87,127.94,23
59,ctrl,Bronze,26.99,32.56,16
60,ctrl,Gold,104.36,105.2,36
61,test,Bronze,23.41,25.65,32
62,test,Gold,95.13,117.81,23
63,ctrl,Bronze,28.34,27.97,34
64,ctrl,Silver,67.09,67.43,37
65,ctrl,Silver,68.92,67.95,20
66,test,Gold,74.0,90.2,42
67,test,Bronze,30.13,30.42,37
68,ctrl,Bronze,20.29,16.31,42
69,test,Silver,49.49,56.84,44
70,test,Bronze,18.99,23.45,24
71,test,Silver,77.24,83.9,43
72,ctrl,Bronze,17.86,16.47,43
73,ctrl,Silver,66.11,60.08,23
74,ctrl,Silver,66.96,63.93,21
75,test,Silver,82.2,93.67,35
76,ctrl,Silver,61.93,64.39,28
77,ctrl,Gold,80.41,79.73,44
78,ctrl,Silver,51.12,47.64,41
79,ctrl,Silver,36.71,33.85,40
80,ctrl,Silver,57.02,55.01,35
81,test,Gold,111.11,133.62,22
82,test,Silver,58.19,69.77,18
83,test,Silver,50.9,58.78,27
84,test,Bronze,25.85,27.66,17
85,test,Silver,67.19,76.9,23
86,test,Bronze,26.54,25.39,23
87,test,Silver,72.09,81.87,17
88,test,Bronze,21.68,28.84,35
89,test,Gold,90.37,111.61,39
90,ctrl,Gold,103.86,101.41,33
91,test,Bronze,31.05,35.01,16
92,ctrl,Gold,93.79,95.82,28
93,ctrl,Silver,56.75,58.95,26
94,ctrl,Bronze,29.51,31.91,26
95,ctrl,Bronze,16.86,16.49,16
96,test,Bronze,33.02,31.66,42
97,test,Silver,74.71,87.63,15
98,ctrl,Gold,96.62,96.18,31
99,ctrl,Gold,78.49,79.01,44
100,test,Silver,56.5,65.24,16
101,ctrl,Gold,89.37,92.83,36
102,test,Bronze,23.53,27.6,21
103,test,Bronze,29.93,34.86,37
104,ctrl,Bronze,16.67,14.38,38
105,test,Silver,44.57,58.82,22
106,ctrl,Silver,62.19,58.85,38
107,test,Bronze,24.49,23.24,38
108,ctrl,Silver,51.49,55.17,23
109,ctrl,Bronze,31.38,29.96,24
110,ctrl,Silver,65.6,66.48,38
111,ctrl,Silver,55.22,55.55,32
112,test,Bronze,15.78,19.71,33
113,test,Bronze,26.63,29.84,14
114,ctrl,Silver,56.28,58.78,43
115,ctrl,Bronze,29.69,34.03,38
116,ctrl,Bronze,27.85,30.28,21
117,ctrl,Bronze,30.46,30.86,16
118,test,Bronze,37.03,41.75,32
119,test,Silver,48.44,55.7,18
120,ctrl,Bronze,28.12,34.59,39
121,ctrl,Gold,98.66,101.82,28
122,ctrl,Bronze,39.92,37.81,25
123,test,Bronze,34.1,36.02,18
124,test,Bronze,21.84,23.27,19
125,ctrl,Bronze,42.91,39.54,40
126,test,Silver,48.64,58.04,15
127,ctrl,Silver,83.17,81.95,17
128,test,Silver,47.65,54.41,39
129,ctrl,Bronze,29.02,29.11,36
130,test,Bronze,26.42,23.83,42
131,test,Silver,54.62,63.86,26
132,ctrl,Silver,59.18,65.85,18
133,test,Bronze,43.18,50.22,20
134,ctrl,Silver,68.44,69.76,38
135,test,Gold,99.97,121.87,29
136,test,Silver,45.27,53.9,42
137,ctrl,Silver,59.57,57.14,22
138,ctrl,Silver,55.29,51.82,14
139,test,Gold,98.17,112.89,41
140,test,Gold,110.56,134.7,15
141,ctrl,Silver,72.22,69.39,25
142,ctrl,Silver,55.23,56.19,20
143,ctrl,Bronze,21.11,23.02,24
144,ctrl,Gold,93.06,93.43,14
145,test,Silver,74.75,83.31,25
146,test,Bronze,40.04,44.97,29
147,ctrl,Bronze,29.52,27.52,23
148,test,Bronze,36.04,32.29,44
149,test,Bronze,31.28,28.3,41
150,test,Bronze,29.73,30.84,43
151,ctrl,Silver,50.26,52.71,30
152,ctrl,Silver,73.69,71.32,30
153,ctrl,Bronze,31.91,34.99,16
154,ctrl,Bronze,19.75,20.28,31
155,ctrl,Gold,99.18,97.84,19
156,ctrl,Silver,54.32,57.46,26
157,test,Silver,67.2,69.8,41
158,ctrl,Bronze,27.87,28.67,21
159,test,Bronze,35.17,33.99,25
160,test,Silver,35.37,45.17,28
161,ctrl,Silver,63.36,69.06,27
162,ctrl,Bronze,16.51,17.61,27
163,test,Bronze,29.58,31.19,25
164,ctrl,Gold,99.62,97.42,35
165,test,Silver,55.79,68.26,19
166,ctrl,Gold,91.41,92.13,35
167,ctrl,Gold,78.05,75.58,28
168,test,Bronze,24.56,24.75,22
169,ctrl,Silver,46.43,51.53,35
170,ctrl,Silver,46.07,48.32,42
171,ctrl,Silver,79.57,78.54,38
172,test,Bronze,30.31,34.19,33
173,ctrl,Bronze,40.04,41.38,28
174,ctrl,Bronze,39.36,43.28,28
175,ctrl,Bronze,36.29,37.2,38
176,test,Silver,59.67,67.38,17
177,test,Silver,73.51,75.66,17
178,test,Bronze,52.44,56.79,42
179,ctrl,Silver,55.04,52.38,44
180,ctrl,Bronze,21.07,19.42,35
181,ctrl,Bronze,36.06,36.51,43
182,ctrl,Gold,89.01,86.38,18
183,test,Gold,114.94,139.75,34
184,ctrl,Bronze,36.17,32.75,36
185,ctrl,Bronze,39.27,36.41,25
186,ctrl,Bronze,5.33,5.07,21
187,ctrl,Bronze,14.48,11.87,39
188,test,Silver,53.66,61.25,38
189,test,Gold,115.43,133.89,34
190,ctrl,Bronze,33.83,37.19,34
191,test,Bronze,39.05,39.39,19
192,ctrl,Silver,59.03,61.09,18
193,ctrl,Gold,102.57,102.52,14
194,ctrl,Bronze,29.13,26.72,16
195,ctrl,Gold,76.58,70.81,18
196,test,Silver,65.87,77.17,35
197,ctrl,Silver,43.84,45.77,28
198,test,Bronze,34.45,38.2,24
199,test,Silver,43.21,54.38,25
200,ctrl,Bronze,33.35,28.19,41
201,ctrl,Bronze,38.26,40.89,23
202,test,Gold,99.85,117.31,41
203,ctrl,Bronze,27.78,23.68,28
204,ctrl,Gold,84.16,82.59,40
205,test,Silver,50.39,54.08,41
206,test,Gold,114.04,135.18,29
207,test,Bronze,47.81,49.26,31
208,test,Gold,92.35,109.48,41
209,ctrl,Silver,55.24,60.44,33
210,ctrl,Gold,82.27,85.54,14
211,ctrl,Silver,65.53,63.09,30
212,test,Bronze,29.87,26.84,42
213,test,Silver,54.95,59.45,26
214,ctrl,Silver,60.11,58.81,41
215,ctrl,Silver,77.11,78.01,24
216,test,Bronze,20.28,25.37,23
217,ctrl,Silver,49.42,51.94,16
218,test,Bronze,37.85,39.17,33
219,ctrl,Gold,99.97,101.95,43
220,ctrl,Silver,67.23,65.12,21
221,test,Gold,94.37,114.82,39
222,ctrl,Silver,73.63,74.53,27
223,test,Silver,61.14,66.86,37
224,test,Silver,64.84,74.67,17
225,ctrl,Bronze,27.23,23.95,27
226,test,Bronze,38.99,37.34,29
227,test,Bronze,22.32,19.12,23
228,test,Bronze,30.95,37.0,39
229,ctrl,Bronze,35.46,36.35,18
230,ctrl,Silver,61.88,63.08,18
231,ctrl,Bronze,28.1,28.75,19
232,test,Silver,67.81,72.75,43
233,ctrl,Bronze,44.53,43.77,40
234,ctrl,Silver,62.32,56.67,19
235,ctrl,Gold,127.31,127.2,37
236,test,Silver,88.73,94.23,42
237,test,Gold,87.98,106.44,34
238,test,Silver,83.81,89.95,30
239,test,Bronze,23.52,29.9,32
240,ctrl,Gold,75.81,74.82,22
241,ctrl,Bronze,18.7,20.16,41
242,ctrl,Bronze,32.76,32.63,30
243,test,Bronze,36.48,38.42,36
244,ctrl,Gold,82.33,84.43,14
245,test,Silver,46.65,50.89,16
246,ctrl,Bronze,35.25,34.76,24
247,ctrl,Silver,44.33,45.87,21
248,test,Silver,65.3,76.61,39
249,test,Gold,104.45,126.14,38
250,test,Silver,60.32,58.55,32
251,test,Gold,85.34,106.1,17
252,test,Silver,45.28,50.62,17
253,test,Gold,99.03,120.3,21
254,test,Bronze,46.18,49.97,34
255,ctrl,Gold,105.81,106.82,28
256,test,Silver,59.87,62.25,43
257,test,Gold,122.73,148.91,27
258,ctrl,Gold,97.44,95.36,16
259,ctrl,Silver,64.92,62.58,40
260,ctrl,Gold,88.77,90.47,33
261,test,Silver,72.83,79.8,16
262,test,Silver,40.52,47.23,44
263,test,Bronze,40.52,46.77,32
264,ctrl,Silver,85.9,83.38,38
265,ctrl,Bronze,24.69,23.68,44
266,ctrl,Silver,64.73,65.78,14
267,ctrl,Bronze,33.36,38.3,39
268,ctrl,Silver,51.18,51.73,33
269,test,Gold,68.62,86.99,35
270,ctrl,Silver,70.54,72.59,42
271,ctrl,Silver,50.46,56.42,19
272,test,Silver,43.0,51.94,30
273,ctrl,Silver,45.78,47.88,18
274,ctrl,Bronze,31.42,28.99,24
275,ctrl,Gold,113.25,110.76,31
276,ctrl,Gold,71.12,73.65,20
277,test,Bronze,20.22,21.06,43
278,test,Bronze,29.07,34.14,31
279,ctrl,Bronze,27.53,24.8,41
280,ctrl,Silver,55.15,48.81,16
281,test,Bronze,49.7,52.34,33
282,ctrl,Bronze,30.3,33.66,16
283,test,Silver,59.04,68.47,33
284,ctrl,Silver,71.74,71.36,37
285,ctrl,Silver,54.52,54.32,19
286,test,Silver,78.45,85.7,27
287,test,Silver,65.69,73.6,20
288,test,Bronze,36.03,38.88,20
289,test,Bronze,29.08,29.9,14
290,ctrl,Gold,92.88,97.04,20
291,ctrl,Silver,64.72,67.87,41
292,ctrl,Silver,46.58,46.49,32
293,test,Gold,93.15,110.29,36
294,ctrl,Silver,53.67,54.59,34
295,test,Gold,96.36,115.3,37
296,test,Bronze,27.57,26.66,34
297,test,Silver,55.69,64.87,19
298,test,Silver,61.48,75.73,39
299,test,Bronze,35.09,38.31,19
300,test,Gold,118.04,133.35,17
301,ctrl,Bronze,37.02,39.6,40
302,test,Gold,97.29,117.77,34
303,ctrl,Silver,57.82,58.52,26
304,ctrl,Silver,79.66,79.44,30
305,ctrl,Gold,128.0,132.4,44
306,test,Gold,103.12,120.14,41
307,test,Silver,54.66,63.71,38
308,test,Gold,97.33,116.97,40
309,test,Gold,93.17,113.94,24
310,test,Gold,70.45,90.87,31
311,test,Silver,57.04,68.01,38
312,test,Gold,116.63,139.26,20
313,ctrl,Silver,71.67,71.98,44
314,ctrl,Silver,75.99,78.96,41
315,test,Bronze,15.6,18.84,38
316,test,Bronze,25.06,32.42,31
317,ctrl,Silver,56.05,55.62,28
318,ctrl,Silver,47.32,47.05,17
319,ctrl,Bronze,32.68,34.07,18
320,ctrl,Bronze,28.52,30.62,16
321,test,Silver,72.41,76.45,29
322,test,Gold,87.74,105.2,22
323,ctrl,Bronze,47.59,49.0,32
324,ctrl,Gold,96.55,98.68,29
325,ctrl,Gold,97.62,98.71,40
326,ctrl,Bronze,32.01,28.77,31
327,test,Silver,76.18,82.53,40
328,ctrl,Silver,63.17,60.14,15
329,test,Silver,71.76,77.93,26
330,ctrl,Silver,55.0,59.3,30
331,test,Gold,81.18,101.1,36
332,ctrl,Silver,87.66,92.26,16
333,ctrl,Gold,121.25,116.14,34
334,test,Silver,55.6,68.57,24
335,test,Silver,52.81,56.27,21
336,test,Bronze,28.05,31.93,31
337,ctrl,Gold,109.7,108.96,32
338,ctrl,Gold,123.6,127.41,22
339,ctrl,Gold,106.64,103.99,19
340,ctrl,Silver,53.48,51.01,40
341,ctrl,Silver,56.41,58.58,39
342,ctrl,Silver,75.03,75.81,20
343,ctrl,Silver,53.52,54.77,27
344,test,Gold,99.77,122.9,28
345,test,Gold,98.94,120.24,42
346,ctrl,Bronze,26.77,28.72,43
347,ctrl,Bronze,32.18,28.49,38
348,test,Bronze,39.08,38.05,40
349,test,Silver,57.44,58.76,27
350,test,Silver,50.18,56.22,25
351,ctrl,Silver,76.68,71.44,42
352,ctrl,Silver,53.78,55.01,36
353,ctrl,Gold,86.44,89.83,24
354,ctrl,Silver,63.19,61.05,40
355,ctrl,Silver,66.58,64.16,16
356,test,Silver,70.65,81.65,32
357,ctrl,Bronze,20.57,16.22,32
358,test,Bronze,36.7,40.92,43
359,ctrl,Bronze,23.26,24.4,31
360,test,Gold,89.62,112.18,22
361,test,Bronze,23.22,28.63,37
362,ctrl,Gold,95.47,102.28,20
363,test,Silver,72.36,79.66,28
364,ctrl,Gold,114.81,108.66,43
365,test,Silver,67.36,80.67,16
366,ctrl,Gold,109.06,105.02,23
367,test,Bronze,32.85,33.47,22
368,ctrl,Gold,93.97,95.11,35
369,ctrl,Silver,69.33,69.9,22
370,test,Bronze,26.19,34.59,22
371,ctrl,Bronze,45.13,42.33,24
372,ctrl,Silver,64.84,63.49,35
373,test,Gold,75.66,96.14,35
374,ctrl,Bronze,24.85,24.74,24
375,test,Silver,56.34,66.47,26
376,test,Bronze,8.98,8.77,18
377,ctrl,Gold,74.6,73.81,33
378,test,Silver,77.85,83.51,38
379,ctrl,Silver,59.04,58.93,31
380,test,Gold,110.8,129.59,23
381,ctrl,Silver,64.05,63.4,18
382,ctrl,Silver,41.37,38.64,43
383,ctrl,Bronze,43.19,40.87,25
384,ctrl,Bronze,11.12,17.07,16
385,test,Bronze,29.32,28.04,18
386,test,Bronze,23.74,24.15,24
387,ctrl,Silver,85.06,88.69,18
388,test,Silver,71.24,75.36,14
389,test,Silver,51.64,56.33,39
390,ctrl,Bronze,45.33,46.31,31
391,ctrl,Silver,48.37,50.52,17
392,ctrl,Silver,56.72,50.99,25
393,test,Bronze,32.42,28.28,18
394,ctrl,Silver,74.55,76.17,37
395,ctrl,Bronze,34.94,32.48,21
396,ctrl,Silver,68.1,68.13,15
397,test,Bronze,26.28,22.29,21
398,ctrl,Silver,73.48,69.36,35
399,test,Silver,44.32,55.41,29
400,ctrl,Bronze,31.05,27.58,36
401,ctrl,Silver,48.97,52.22,29
402,ctrl,Gold,93.54,95.36,41
403,ctrl,Gold,100.15,94.32,27
404,test,Silver,83.58,96.09,14
405,test,Silver,67.33,72.62,15
406,ctrl,Bronze,25.58,24.25,42
407,ctrl,Silver,63.82,66.61,22
408,ctrl,Gold,84.22,82.12,37
409,ctrl,Silver,65.76,68.04,36
410,ctrl,Silver,67.72,65.23,21
411,ctrl,Gold,112.55,113.54,17
412,ctrl,Gold,121.5,125.43,24
413,test,Bronze,27.29,31.63,25
414,test,Bronze,40.48,42.83,33
415,test,Bronze,39.17,38.97,29
416,test,Silver,55.39,67.34,34
417,test,Silver,62.18,73.27,14
418,ctrl,Silver,40.06,37.32,23
419,test,Bronze,28.89,29.84,22
420,test,Silver,49.64,59.57,43
421,ctrl,Silver,65.75,63.07,33
422,test,Bronze,37.66,41.33,44
423,test,Silver,43.24,47.09,34
424,test,Silver,65.86,74.32,22
425,ctrl,Gold,75.17,67.92,32
426,ctrl,Silver,70.19,67.19,33
427,test,Bronze,32.87,37.54,17
428,test,Bronze,27.99,30.45,26
429,ctrl,Silver,66.34,64.73,29
430,ctrl,Silver,73.69,79.85,41
431,ctrl,Bronze,19.72,16.5,44
432,ctrl,Silver,51.6,52.82,39
433,ctrl,Silver,34.17,34.61,20
434,ctrl,Bronze,22.39,23.66,19
435,ctrl,Silver,49.96,48.35,44
436,test,Silver,56.93,63.59,26
437,ctrl,Silver,72.28,66.91,22
438,test,Silver,45.69,56.57,16
439,test,Silver,68.6,75.53,28
440,ctrl,Gold,88.02,88.9,44
441,test,Silver,77.59,84.19,21
442,ctrl,Gold,112.8,112.38,33
443,test,Bronze,22.12,24.35,15
444,test,Bronze,41.98,43.41,33
445,ctrl,Bronze,41.34,39.92,29
446,ctrl,Bronze,21.94,20.25,22
447,ctrl,Silver,54.37,55.3,31
448,test,Silver,47.54,55.71,33
449,test,Silver,60.34,65.09,20
450,test,Bronze,38.75,39.2,40
451,ctrl,Gold,118.08,116.89,37
452,test,Silver,42.81,54.92,40
453,ctrl,Silver,58.47,62.31,27
454,test,Gold,106.4,127.48,31
455,test,Gold,112.15,129.62,21
456,test,Bronze,42.8,42.43,15
457,ctrl,Bronze,28.09,30.48,30
458,ctrl,Bronze,29.98,26.59,36
459,ctrl,Gold,112.2,112.65,16
460,test,Gold,96.94,117.58,21
461,test,Silver,60.17,66.47,15
462,ctrl,Bronze,35.8,34.31,14
463,ctrl,Silver,80.01,83.72,35
464,ctrl,Silver,59.19,63.74,19
465,test,Bronze,21.92,27.68,21
466,test,Bronze,57.83,58.37,25
467,test,Gold,77.11,92.87,23
468,test,Gold,88.69,110.31,15
469,ctrl,Bronze,46.04,48.77,24
470,ctrl,Bronze,49.78,50.23,30
471,test,Gold,100.76,126.25,16
472,test,Gold,85.35,108.19,32
473,test,Gold,65.68,87.32,14
474,test,Bronze,28.75,30.22,31
475,ctrl,Silver,55.63,50.86,32
476,test,Bronze,33.03,33.12,40
477,ctrl,Silver,50.71,53.72,33
478,test,Silver,65.52,76.08,34
479,test,Bronze,36.11,45.09,18
480,ctrl,Bronze,28.95,29.77,22
481,ctrl,Bronze,27.87,28.86,27
482,ctrl,Gold,84.73,86.41,38
483,ctrl,Bronze,37.21,31.91,26
484,test,Bronze,47.01,48.82,41
485,test,Bronze,16.38,20.36,43
486,test,Silver,78.12,88.35,38
487,ctrl,Silver,48.74,49.31,19
488,test,Bronze,39.5,41.94,41
489,test,Bronze,31.97,34.57,35
490,ctrl,Bronze,46.69,48.68,16
491,test,Gold,101.95,122.07,26
492,ctrl,Bronze,28.61,32.18,37
493,ctrl,Bronze,27.51,30.61,43
494,ctrl,Bronze,26.73,21.65,24
495,test,Bronze,30.69,39.33,35
496,test,Bronze,17.66,18.24,25
497,test,Gold,108.08,127.19,35
498,ctrl,Bronze,35.76,32.62,16
499,ctrl,Silver,83.74,78.28,21
500,ctrl,Silver,45.13,43.64,23
501,test,Bronze,35.64,36.69,14
502,ctrl,Silver,75.19,78.23,26
503,ctrl,Bronze,17.61,20.71,31
504,ctrl,Silver,47.99,54.52,41
505,test,Bronze,34.37,32.39,40
506,test,Bronze,27.42,33.49,39
507,ctrl,Bronze,28.68,28.73,31
508,test,Silver,46.1,53.9,20
509,ctrl,Gold,104.09,103.11,31
510,ctrl,Bronze,28.66,30.48,35
511,test,Bronze,21.04,21.96,31
512,test,Silver,34.74,39.72,38
513,test,Bronze,36.01,36.05,19
514,test,Bronze,44.45,46.74,23
515,test,Bronze,23.86,27.86,31
516,test,Gold,106.88,129.52,40
517,ctrl,Bronze,24.82,26.18,14
518,ctrl,Silver,59.05,58.78,20
519,ctrl,Gold,86.84,85.61,16
520,test,Bronze,26.65,29.04,18
521,ctrl,Silver,60.54,59.35,21
522,ctrl,Silver,66.95,60.68,28
523,test,Bronze,29.35,28.91,36
524,test,Silver,86.48,97.28,35
525,test,Silver,80.17,83.45,21
526,ctrl,Silver,54.77,56.0,43
527,ctrl,Gold,95.05,91.59,44
528,ctrl,Silver,35.71,33.85,34
529,test,Bronze,32.82,34.24,19
530,test,Silver,68.04,78.26,27
531,ctrl,Gold,72.79,73.14,39
532,ctrl,Silver,40.08,37.18,40
533,ctrl,Bronze,41.06,44.18,16
534,test,Silver,63.04,74.29,43
535,test,Silver,55.9,65.41,32
536,test,Silver,62.16,70.58,20
537,test,Gold,111.75,132.71,40
538,ctrl,Silver,76.82,78.22,37
539,ctrl,Silver,63.63,63.9,23
540,ctrl,Gold,73.1,76.08,22
541,test,Silver,66.52,74.07,42
542,ctrl,Silver,55.43,56.39,17
543,ctrl,Bronze,36.37,33.86,28
544,test,Bronze,37.9,35.65,38
545,test,Silver,44.51,50.94,32
546,ctrl,Bronze,32.19,29.21,42
547,ctrl,Bronze,42.19,41.8,23
548,ctrl,Bronze,31.58,29.12,43
549,ctrl,Gold,113.64,110.26,20
550,ctrl,Gold,97.92,96.48,27
551,ctrl,Silver,64.94,62.16,28
552,ctrl,Silver,53.17,60.18,35
553,ctrl,Gold,101.85,104.38,34
554,ctrl,Gold,84.46,82.69,26
555,test,Bronze,48.09,53.47,39
556,ctrl,Gold,80.59,77.95,17
557,ctrl,Gold,112.57,109.93,30
558,ctrl,Gold,92.0,97.55,42
559,test,Silver,60.07,63.79,31
560,ctrl,Gold,114.5,116.16,33
561,test,Gold,89.12,108.81,43
562,ctrl,Silver,69.67,68.26,38
563,test,Bronze,23.03,23.32,23
564,ctrl,Silver,54.14,55.38,25
565,test,Silver,32.67,36.63,35
566,test,Silver,52.57,59.73,16
567,test,Bronze,31.45,36.05,27
568,ctrl,Silver,71.57,70.86,43
569,ctrl,Silver,42.8,44.24,39
570,test,Silver,66.26,73.36,39
571,test,Gold,56.92,75.27,23
572,test,Bronze,42.14,44.36,43
573,ctrl,Silver,49.65,54.18,40
574,ctrl,Silver,76.26,74.13,28
575,ctrl,Silver,66.63,65.69,25
576,test,Silver,72.25,75.14,43
577,test,Silver,66.5,75.23,33
578,test,Silver,62.35,72.26,26
579,ctrl,Silver,68.8,71.04,38
580,ctrl,Gold,97.27,94.12,37
581,ctrl,Silver,69.82,63.51,28
582,ctrl,Silver,78.27,81.37,17
583,ctrl,Gold,109.15,104.82,16
584,ctrl,Gold,85.32,89.37,14
585,ctrl,Bronze,27.48,27.43,42
586,ctrl,Bronze,37.75,32.32,20
587,ctrl,Gold,101.31,100.73,23
588,test,Silver,59.17,69.83,27
589,test,Silver,59.77,67.12,41
590,ctrl,Bronze,34.77,32.56,34
591,ctrl,Silver,44.99,46.56,23
592,ctrl,Gold,99.82,99.07,34
593,test,Bronze,32.27,35.16,23
594,test,Bronze,31.09,36.22,26
595,ctrl,Silver,49.43,47.45,19
596,test,Silver,47.78,55.24,21
597,ctrl,Silver,59.91,61.99,38
598,test,Gold,78.49,98.79,40
599,test,Gold,105.61,125.62,25
600,ctrl,Silver,69.94,68.2,42
601,test,Bronze,29.03,28.44,19
602,ctrl,Bronze,17.03,14.65,37
603,test,Gold,92.96,110.22,35
604,ctrl,Bronze,21.13,21.26,32
605,test,Bronze,9.6,15.21,20
606,ctrl,Bronze,28.45,22.34,18
607,ctrl,Silver,65.04,67.54,31
608,ctrl,Gold,100.17,104.79,28
609,test,Bronze,35.86,38.12,33
610,test,Bronze,32.17,31.99,40
611,ctrl,Bronze,38.11,38.84,34
612,test,Bronze,25.51,31.53,21
613,test,Bronze,28.7,30.88,21
614,ctrl,Silver,55.93,57.58,28
615,test,Bronze,27.33,29.27,25
616,ctrl,Silver,54.17,54.06,19
617,test,Gold,99.31,118.0,21
618,test,Bronze,30.76,30.63,16
619,test,Silver,43.66,46.84,38
620,ctrl,Silver,73.01,79.5,14
621,test,Bronze,34.48,39.11,43
622,ctrl,Silver,66.77,65.37,37
623,ctrl,Silver,78.42,73.93,21
624,ctrl,Gold,91.12,90.35,44
625,ctrl,Silver,52.18,49.0,35
626,test,Gold,111.79,132.69,19
627,test,Silver,66.44,73.92,34
628,test,Silver,72.76,82.17,31
629,test,Gold,90.28,110.95,44
630,ctrl,Silver,61.03,59.07,26
631,test,Silver,74.22,80.1,36
632,test,Bronze,12.87,23.47,15
633,ctrl,Silver,54.13,47.85,23
634,test,Silver,70.78,81.5,42
635,test,Silver,69.51,77.27,40
636,test,Silver,72.83,84.52,16
637,ctrl,Bronze,26.51,32.58,38
638,test,Bronze,31.7,33.91,25
639,test,Silver,48.14,55.24,30
640,test,Bronze,32.16,34.08,15
641,ctrl,Silver,50.73,52.33,32
642,test,Bronze,17.56,12.44,14
643,ctrl,Silver,53.83,56.45,42
644,test,Bronze,27.91,32.73,44
645,ctrl,Bronze,24.71,25.52,15
646,ctrl,Silver,83.29,83.46,34
647,ctrl,Silver,40.09,35.31,24
648,test,Bronze,38.68,37.11,15
649,test,Bronze,32.06,33.76,15
650,ctrl,Gold,85.84,87.88,34
651,test,Bronze,43.29,44.11,33
652,ctrl,Silver,64.6,64.62,20
653,test,Bronze,21.82,28.12,24
654,test,Gold,116.1,139.05,17
655,ctrl,Gold,106.18,106.18,18
656,test,Silver,45.48,46.81,44
657,ctrl,Bronze,30.1,30.88,17
658,test,Gold,108.09,130.29,31
659,ctrl,Silver,65.59,61.15,30
660,test,Gold,79.02,97.41,14
661,ctrl,Bronze,27.74,29.92,22
662,test,Bronze,26.21,30.42,29
663,test,Silver,90.72,98.6,26
664,test,Silver,51.54,65.19,15
665,ctrl,Gold,89.44,90.76,27
666,ctrl,Gold,88.81,89.09,19
667,ctrl,Bronze,18.68,22.26,40
668,ctrl,Silver,60.29,56.0,38
669,test,Silver,67.33,73.71,24
670,test,Silver,48.25,49.42,14
671,ctrl,Bronze,30.33,34.38,33
672,test,Gold,85.39,105.5,41
673,test,Silver,56.91,68.03,40
674,test,Bronze,37.37,41.61,20
675,test,Silver,51.88,59.21,15
676,ctrl,Bronze,35.58,32.17,21
677,test,Silver,51.39,67.21,28
678,ctrl,Gold,93.8,97.25,31
679,test,Silver,49.85,56.9,21
680,ctrl,Bronze,33.3,36.56,39
681,ctrl,Bronze,35.37,42.44,42
682,ctrl,Silver,73.54,73.14,39
683,test,Gold,101.08,120.55,38
684,ctrl,Silver,62.47,63.81,30
685,test,Bronze,15.99,22.61,43
686,ctrl,Silver,40.79,37.12,26
687,test,Bronze,32.82,37.97,14
688,ctrl,Bronze,25.64,21.08,22
689,ctrl,Silver,67.2,70.88,24
690,ctrl,Bronze,32.13,33.34,19
691,test,Gold,98.04,118.06,25
692,test,Bronze,21.21,24.56,44
693,test,Bronze,25.84,26.77,40
694,test,Silver,40.01,49.62,23
695,ctrl,Silver,68.97,70.63,18
696,ctrl,Bronze,18.77,17.82,27
697,test,Silver,46.63,54.13,41
698,ctrl,Bronze,32.68,28.42,31
699,test,Bronze,38.23,37.78,44
700,ctrl,Silver,76.18,80.04,36
701,test,Bronze,32.93,38.13,31
702,ctrl,Silver,38.07,35.83,33
703,ctrl,Silver,66.88,67.38,34
704,test,Gold,97.51,122.23,30
705,ctrl,Bronze,27.69,24.62,43
706,test,Silver,60.73,64.22,19
707,ctrl,Gold,122.49,117.76,33
708,test,Silver,42.37,48.59,20
709,ctrl,Silver,43.59,42.58,19
710,ctrl,Silver,81.58,84.31,42
711,ctrl,Silver,61.77,62.06,37
712,ctrl,Gold,86.09,86.53,31
713,ctrl,Bronze,39.12,43.08,34
714,test,Silver,91.92,100.63,37
715,ctrl,Gold,92.82,88.69,35
716,ctrl,Gold,105.94,107.39,21
717,ctrl,Gold,76.03,74.31,34
718,ctrl,Gold,88.82,87.6,21
719,test,Silver,44.32,51.87,44
720,test,Silver,58.79,65.66,42
721,ctrl,Bronze,30.27,32.96,24
722,ctrl,Gold,108.29,103.18,15
723,test,Gold,91.16,111.71,42
724,test,Silver,36.22,50.01,34
725,test,Bronze,36.01,31.48,26
726,test,Silver,57.57,66.93,29
727,ctrl,Silver,72.84,72.14,35
728,test,Gold,68.33,88.09,31
729,ctrl,Gold,81.86,82.08,42
730,ctrl,Silver,52.04,50.67,44
731,ctrl,Gold,84.21,80.02,16
732,test,Bronze,29.45,34.83,38
733,test,Silver,77.67,87.12,20
734,ctrl,Gold,112.19,114.1,21
735,ctrl,Silver,81.74,84.74,27
736,test,Bronze,32.17,33.21,32
737,ctrl,Gold,73.1,75.49,44
738,test,Silver,54.93,60.51,38
739,test,Silver,62.58,75.38,34
740,test,Gold,107.6,128.33,34
741,ctrl,Bronze,41.59,43.65,22
742,ctrl,Bronze,19.26,14.59,21
743,ctrl,Gold,133.08,131.8,37
744,test,Gold,91.79,112.54,39
745,test,Silver,41.63,52.27,28
746,ctrl,Bronze,26.91,31.43,30
747,test,Bronze,35.97,43.17,15
748,ctrl,Bronze,32.93,28.56,17
749,ctrl,Bronze,29.85,29.03,26
750,test,Bronze,32.25,35.37,31
751,test,Silver,74.39,82.58,24
752,test,Silver,39.62,47.36,39
753,test,Bronze,34.32,40.26,30
754,ctrl,Gold,72.87,69.92,40
755,test,Silver,72.09,81.76,16
756,test,Silver,48.62,56.6,23
757,test,Gold,115.78,133.86,38
758,ctrl,Gold,116.85,114.12,20
759,test,Bronze,15.87,21.8,21
760,test,Silver,72.97,81.94,27
761,test,Bronze,27.51,31.91,33
762,ctrl,Silver,75.38,71.9,24
763,ctrl,Silver,61.44,62.18,29
764,test,Bronze,30.61,35.62,38
765,ctrl,Bronze,25.32,30.4,15
766,ctrl,Gold,90.6,89.12,15
767,ctrl,Gold,94.08,99.25,28
768,ctrl,Silver,68.62,65.89,21
769,ctrl,Silver,54.73,54.87,18
770,test,Silver,61.49,68.6,27
771,ctrl,Silver,74.26,71.34,24
772,ctrl,Bronze,27.05,28.55,25
773,test,Silver,45.36,54.69,35
774,test,Bronze,38.44,36.8,25
775,ctrl,Silver,43.9,44.35,37
776,ctrl,Bronze,29.68,27.0,16
777,test,Gold,86.89,107.19,29
778,ctrl,Bronze,32.51,32.86,15
779,ctrl,Gold,99.83,101.25,23
780,test,Bronze,21.85,20.07,24
781,ctrl,Silver,64.62,63.57,44
782,ctrl,Silver,56.65,51.39,41
783,ctrl,Silver,41.15,41.78,25
784,ctrl,Silver,52.86,54.06,29
785,test,Bronze,23.16,23.35,14
786,ctrl,Silver,74.69,69.98,29
787,test,Silver,63.52,76.89,25
788,test,Bronze,33.15,37.12,31
789,ctrl,Silver,58.28,61.41,28
790,ctrl,Gold,83.29,84.63,44
791,test,Bronze,33.26,39.76,26
792,ctrl,Gold,123.52,124.38,16
793,ctrl,Bronze,21.04,22.13,18
794,test,Gold,103.22,125.02,22
795,ctrl,Gold,98.23,97.14,18
796,test,Gold,92.33,117.13,30
797,test,Silver,50.41,60.2,17
798,test,Silver,66.46,70.23,40
799,ctrl,Silver,62.67,63.72,17
800,ctrl,Bronze,29.48,27.27,18
801,test,Bronze,46.91,50.45,19
802,test,Gold,93.56,110.36,21
803,test,Silver,61.68,69.3,27
804,test,Bronze,22.19,32.17,23
805,ctrl,Gold,115.63,116.31,28
806,ctrl,Bronze,25.38,20.5,16
807,test,Gold,129.81,151.0,22
808,test,Bronze,19.41,20.55,21
809,test,Bronze,27.42,27.69,26
810,ctrl,Gold,107.34,106.96,39
811,test,Silver,83.99,90.23,18
812,ctrl,Silver,58.43,54.53,32
813,ctrl,Gold,97.48,98.38,33
814,test,Bronze,23.95,28.34,16
815,test,Silver,69.87,77.81,26
816,test,Gold,98.69,117.53,22
817,ctrl,Bronze,23.37,26.93,24
818,test,Bronze,27.16,26.31,26
819,ctrl,Silver,66.4,68.35,20
820,ctrl,Bronze,34.61,34.65,39
821,ctrl,Bronze,31.35,30.86,23
822,ctrl,Bronze,31.41,31.2,44
823,test,Silver,64.59,70.72,33
824,test,Silver,66.47,73.46,28
825,ctrl,Bronze,32.41,33.74,31
826,ctrl,Bronze,23.69,25.74,26
827,ctrl,Gold,103.6,99.63,41
828,test,Silver,51.53,66.57,31
829,ctrl,Bronze,21.49,19.17,41
830,ctrl,Silver,39.44,39.9,21
831,test,Silver,85.52,95.22,35
832,ctrl,Gold,90.19,91.21,26
833,test,Gold,103.77,126.21,18
834,ctrl,Gold,114.71,114.81,28
835,ctrl,Gold,89.22,87.13,19
836,ctrl,Silver,82.85,82.37,38
837,test,Gold,98.61,112.1,16
838,ctrl,Silver,55.53,51.41,27
839,ctrl,Silver,65.71,66.29,30
840,ctrl,Bronze,35.94,31.37,40
841,test,Silver,66.65,74.72,35
842,test,Gold,90.01,109.42,36
843,test,Bronze,16.97,15.78,27
844,test,Gold,106.3,124.67,34
845,test,Gold,101.78,116.42,32
846,test,Gold,90.68,111.11,16
847,ctrl,Gold,83.5,86.88,23
848,ctrl,Silver,48.32,47.53,23
849,test,Bronze,38.72,41.28,29
850,test,Bronze,24.41,28.28,20
851,ctrl,Bronze,17.84,12.51,14
852,test,Bronze,26.26,31.1,18
853,test,Bronze,50.46,50.19,42
854,test,Silver,81.86,84.83,14
855,ctrl,Silver,64.81,64.03,16
856,ctrl,Bronze,20.75,23.31,24
857,test,Gold,100.94,123.05,39
858,test,Silver,59.41,70.15,16
859,test,Gold,100.79,120.16,31
860,test,Gold,106.64,125.25,15
861,test,Silver,60.55,72.78,34
862,test,Gold,82.84,103.89,26
863,test,Silver,50.45,59.66,21
864,ctrl,Gold,88.38,90.95,16
865,ctrl,Gold,116.62,116.18,38
866,test,Bronze,28.09,29.14,19
867,test,Gold,68.78,91.36,44
868,test,Gold,76.63,93.09,31
869,test,Bronze,37.84,36.4,22
870,test,Silver,50.27,59.11,35
871,ctrl,Silver,48.91,50.55,23
872,test,Silver,59.44,68.12,20
873,ctrl,Bronze,26.72,30.84,33
874,test,Gold,93.73,116.86,19
875,test,Bronze,35.91,41.93,14
876,test,Silver,55.89,69.91,28
877,ctrl,Bronze,24.93,23.01,20
878,ctrl,Silver,66.13,65.49,35
879,test,Bronze,23.03,26.38,14
880,test,Bronze,35.39,42.83,41
881,test,Bronze,38.95,38.68,40
882,test,Silver,63.99,72.34,41
883,ctrl,Bronze,42.12,43.02,44
884,test,Gold,82.63,104.34,42
885,test,Bronze,36.91,36.17,31
886,ctrl,Bronze,33.52,33.72,31
887,test,Silver,66.37,71.8,39
888,test,Bronze,20.6,19.81,38
889,ctrl,Silver,62.22,66.22,20
890,test,Bronze,33.63,32.68,18
891,ctrl,Gold,90.64,91.02,17
892,test,Silver,61.0,70.19,14
893,test,Bronze,33.37,34.77,35
894,ctrl,Gold,103.05,101.3,18
895,test,Gold,89.1,110.12,18
896,test,Bronze,39.04,45.04,30
897,test,Bronze,36.37,39.8,25
898,test,Bronze,39.73,37.09,22
899,test,Silver,64.77,73.2,20
900,test,Bronze,34.24,37.69,44
901,ctrl,Gold,93.8,89.69,24
902,ctrl,Gold,127.17,126.7,44
903,test,Gold,117.25,143.51,40
904,ctrl,Bronze,41.24,38.5,30
905,ctrl,Gold,92.16,95.29,26
906,test,Silver,71.17,75.18,44
907,test,Silver,48.29,55.22,26
908,ctrl,Silver,65.69,65.0,29
909,test,Gold,62.01,81.86,16
910,ctrl,Silver,52.6,55.84,29
911,ctrl,Silver,60.9,56.21,30
912,ctrl,Gold,96.06,94.97,29
913,ctrl,Silver,49.18,47.72,17
914,ctrl,Silver,56.06,55.81,32
915,ctrl,Bronze,24.85,23.55,26
916,ctrl,Silver,74.24,80.78,28
917,ctrl,Bronze,23.11,24.35,41
918,ctrl,Silver,44.23,38.9,32
919,test,Bronze,19.2,22.92,25
920,test,Bronze,34.7,33.58,39
921,ctrl,Bronze,20.79,21.82,14
922,ctrl,Bronze,26.62,25.07,21
923,ctrl,Gold,109.47,110.27,36
924,ctrl,Silver,76.79,81.73,33
925,test,Bronze,54.41,57.3,43
926,ctrl,Bronze,27.57,24.8,16
927,ctrl,Bronze,19.57,17.41,28
928,test,Silver,59.53,63.62,44
929,test,Silver,48.18,54.65,33
930,ctrl,Gold,89.31,93.12,26
931,test,Bronze,30.15,30.65,24
932,ctrl,Silver,69.26,74.25,29
933,ctrl,Silver,46.09,42.19,34
934,test,Gold,111.46,131.14,15
935,test,Silver,57.14,60.18,25
936,ctrl,Bronze,49.69,48.94,44
937,ctrl,Silver,62.74,64.56,39
938,ctrl,Silver,63.38,60.45,38
939,ctrl,Bronze,36.67,36.31,29
940,test,Silver,68.17,75.58,37
941,ctrl,Silver,65.53,70.69,37
942,ctrl,Bronze,29.9,26.36,35
943,ctrl,Silver,64.22,63.76,15
944,ctrl,Bronze,21.13,16.81,18
945,ctrl,Bronze,31.85,29.83,22
946,ctrl,Gold,98.25,100.47,31
947,ctrl,Bronze,25.63,27.75,23
948,test,Bronze,27.42,28.55,28
949,test,Gold,61.57,83.5,17
950,test,Bronze,25.14,29.54,25
951,test,Silver,53.4,59.05,34
952,ctrl,Silver,64.09,65.0,14
953,test,Bronze,24.69,28.41,32
954,test,Bronze,29.29,29.26,27
955,test,Silver,69.65,76.11,18
956,test,Gold,98.91,118.11,35
957,ctrl,Gold,111.39,114.36,43
958,ctrl,Bronze,34.48,34.33,25
959,ctrl,Bronze,8.74,6.34,24
960,test,Gold,88.9,108.16,31
961,ctrl,Silver,49.91,49.96,38
962,test,Silver,46.26,55.14,41
963,test,Bronze,24.85,33.8,43
964,ctrl,Silver,60.39,57.66,38
965,ctrl,Gold,116.11,114.89,22
966,ctrl,Bronze,35.96,37.3,15
967,test,Bronze,26.57,27.79,17
968,ctrl,Silver,47.66,45.71,30
969,ctrl,Silver,45.34,50.74,18
970,ctrl,Gold,105.46,107.37,23
971,test,Bronze,17.04,22.77,41
972,ctrl,Silver,56.41,57.18,36
973,ctrl,Bronze,36.01,38.67,32
974,test,Bronze,38.61,42.06,36
975,test,Bronze,38.14,32.39,35
976,ctrl,Bronze,30.31,31.4,15
977,test,Bronze,25.77,29.03,42
978,test,Bronze,39.97,47.41,38
979,test,Silver,58.4,64.61,33
980,test,Silver,74.98,84.0,33
981,ctrl,Silver,83.23,83.35,19
982,test,Silver,53.75,62.19,39
983,ctrl,Gold,79.69,82.49,33
984,ctrl,Bronze,23.09,20.99,34
985,test,Bronze,32.76,37.79,31
986,ctrl,Bronze,25.71,27.08,27
987,ctrl,Gold,107.02,107.0,21
988,ctrl,Silver,56.03,60.26,28
989,ctrl,Silver,60.64,58.87,24
990,ctrl,Bronze,23.02,16.68,23
991,ctrl,Silver,45.7,46.69,37
992,test,Silver,68.03,77.18,41
993,test,Bronze,31.48,34.81,15
994,ctrl,Silver,62.03,65.25,43
995,ctrl,Bronze,19.67,15.49,15
996,test,Bronze,17.27,21.09,20
997,ctrl,Gold,109.22,102.41,26
998,ctrl,Silver,33.47,30.44,22
999,ctrl,Bronze,18.22,23.86,28
1000,test,Bronze,33.54,38.12,31
1001,ctrl,Bronze,31.53,30.04,33
1002,test,Bronze,29.02,32.59,35
1003,test,Bronze,35.79,41.57,39
1004,test,Gold,111.38,130.21,19
1005,ctrl,Silver,65.31,62.55,42
1006,ctrl,Silver,64.04,64.45,30
1007,ctrl,Gold,69.8,69.71,22
1008,test,Bronze,27.48,30.75,34
1009,test,Silver,58.48,72.0,17
1010,test,Bronze,20.04,16.79,17
1011,ctrl,Bronze,44.36,43.39,38
1012,test,Silver,47.03,54.99,39
1013,test,Silver,40.18,48.53,27
1014,ctrl,Silver,83.04,89.52,32
1015,ctrl,Silver,84.92,82.16,17
1016,ctrl,Silver,53.27,50.72,44
1017,test,Bronze,33.58,38.63,15
1018,test,Silver,53.42,57.97,34
1019,ctrl,Gold,101.69,104.41,23
1020,test,Silver,66.96,79.14,36
1021,test,Silver,67.48,72.19,31
1022,test,Silver,48.43,62.06,34
1023,ctrl,Silver,43.4,43.71,30
1024,ctrl,Bronze,42.14,44.62,27
1025,ctrl,Silver,76.39,78.43,16
1026,ctrl,Silver,55.0,55.19,30
1027,test,Bronze,26.34,28.66,33
1028,ctrl,Silver,34.87,36.02,16
1029,ctrl,Gold,105.13,101.09,30
1030,test,Bronze,43.56,48.56,18
1031,ctrl,Silver,56.03,50.87,26
1032,ctrl,Bronze,44.49,42.12,23
1033,test,Bronze,27.67,25.85,41
1034,test,Bronze,40.63,44.51,16
1035,test,Bronze,20.64,17.59,42
1036,ctrl,Bronze,21.77,17.82,35
1037,test,Bronze,28.63,32.85,18
1038,test,Gold,90.15,108.38,40
1039,ctrl,Bronze,36.84,37.9,36
1040,ctrl,Bronze,33.9,31.32,25
1041,test,Silver,65.25,71.33,22
1042,ctrl,Bronze,33.45,35.57,43
1043,test,Bronze,44.99,51.88,43
1044,ctrl,Bronze,38.73,40.68,16
1045,test,Silver,62.68,69.52,42
1046,test,Silver,53.51,66.53,30
1047,ctrl,Bronze,30.74,27.77,23
1048,test,Bronze,36.03,41.53,25
1049,ctrl,Bronze,35.81,40.58,29
1050,ctrl,Bronze,27.84,34.27,32
1051,ctrl,Bronze,31.88,27.39,37
1052,ctrl,Silver,85.83,84.46,21
1053,ctrl,Bronze,19.72,16.08,14
1054,ctrl,Silver,74.36,76.04,28
1055,ctrl,Bronze,36.48,34.93,39
1056,ctrl,Bronze,26.84,23.56,15
1057,test,Bronze,20.48,21.01,42
1058,ctrl,Silver,43.0,44.31,20
1059,test,Gold,123.19,144.47,33
1060,test,Gold,95.08,110.52,21
1061,ctrl,Gold,117.9,112.48,25
1062,test,Silver,57.79,67.51,44
1063,ctrl,Bronze,33.97,33.51,15
1064,test,Bronze,17.0,14.16,28
1065,test,Bronze,37.63,37.4,14
1066,test,Gold,97.12,112.9,14
1067,ctrl,Silver,69.36,69.04,17
1068,test,Bronze,31.58,28.87,35
1069,ctrl,Silver,62.99,66.77,38
1070,ctrl,Bronze,40.66,34.92,42
1071,ctrl,Bronze,26.49,25.65,25
1072,ctrl,Bronze,34.93,37.72,42
1073,ctrl,Gold,105.32,105.96,36
1074,ctrl,Bronze,32.36,33.5,31
1075,ctrl,Gold,121.24,120.82,37
1076,ctrl,Bronze,26.09,16.88,28
1077,test,Silver,52.73,59.43,22
1078,ctrl,Silver,62.28,59.59,22
1079,ctrl,Silver,72.02,70.21,28
1080,ctrl,Bronze,22.8,21.36,31
1081,test,Bronze,24.63,25.54,17
1082,ctrl,Gold,97.03,100.67,34
1083,test,Silver,69.74,76.91,31
1084,ctrl,Bronze,40.83,47.25,26
1085,ctrl,Gold,91.41,91.91,41
1086,ctrl,Silver,50.74,50.35,20
1087,test,Gold,81.84,102.11,39
1088,test,Gold,99.28,115.72,33
1089,test,Gold,88.79,102.81,44
1090,ctrl,Bronze,36.74,37.58,17
1091,test,Bronze,21.09,24.28,21
1092,ctrl,Silver,61.7,59.85,34
1093,test,Bronze,19.66,18.49,32
1094,test,Silver,35.48,42.83,26
1095,test,Bronze,45.38,46.38,24
1096,test,Gold,114.12,135.3,24
1097,test,Silver,80.48,82.75,25
1098,test,Bronze,41.69,41.83,21
1099,ctrl,Bronze,22.86,21.09,18
1100,ctrl,Silver,86.11,84.56,38
1101,test,Bronze,35.1,35.58,35
1102,ctrl,Silver,49.04,50.52,43
1103,test,Bronze,28.59,31.93,28
1104,ctrl,Bronze,11.22,6.91,34
1105,test,Gold,107.48,125.44,20
1106,test,Gold,95.92,113.49,26
1107,ctrl,Silver,58.52,56.59,40
1108,ctrl,Bronze,33.87,33.41,21
1109,ctrl,Bronze,30.26,28.42,39
1110,test,Gold,99.64,119.77,34
1111,ctrl,Bronze,23.47,17.65,44
1112,test,Silver,69.01,78.33,40
1113,ctrl,Bronze,40.01,37.52,35
1114,test,Silver,73.45,82.0,21
1115,test,Silver,68.45,76.51,42
1116,test,Silver,56.5,61.42,15
1117,test,Silver,46.7,52.47,33
1118,test,Silver,72.71,83.86,32
1119,test,Bronze,45.45,48.3,33
1120,test,Bronze,19.07,23.99,33
1121,test,Silver,64.13,75.44,20
1122,ctrl,Gold,86.39,86.52,29
1123,test,Bronze,28.56,27.52,41
1124,test,Silver,61.81,70.03,27
1125,test,Silver,47.54,53.57,44
1126,ctrl,Silver,76.59,72.96,34
1127,ctrl,Bronze,29.85,31.1,39
1128,test,Silver,49.76,57.66,21
1129,ctrl,Bronze,18.33,20.76,36
1130,ctrl,Silver,68.07,68.38,32
1131,test,Bronze,28.23,25.81,20
1132,ctrl,Bronze,26.25,33.96,26
1133,test,Bronze,22.65,26.66,41
1134,test,Bronze,27.94,31.62,24
1135,ctrl,Bronze,30.37,32.7,39
1136,ctrl,Bronze,33.26,33.9,42
1137,test,Bronze,33.37,37.35,31
1138,ctrl,Silver,65.78,63.39,35
1139,ctrl,Silver,84.23,84.23,29
1140,test,Gold,103.24,127.05,26
1141,ctrl,Silver,70.5,68.53,39
1142,ctrl,Bronze,24.73,25.01,26
1143,test,Silver,60.0,68.83,25
1144,test,Bronze,25.04,30.41,14
1145,ctrl,Gold,104.76,100.27,29
1146,ctrl,Bronze,42.19,48.19,32
1147,ctrl,Silver,55.29,54.54,34
1148,test,Bronze,23.65,25.77,35
1149,ctrl,Silver,46.61,47.71,28
1150,ctrl,Bronze,35.67,31.29,42
1151,test,Silver,53.2,60.68,34
1152,test,Silver,64.6,70.14,37
1153,ctrl,Bronze,19.18,21.17,20
1154,test,Bronze,19.78,20.57,41
1155,test,Silver,57.49,68.16,25
1156,ctrl,Silver,73.09,74.18,33
1157,ctrl,Bronze,23.23,23.97,17
1158,test,Gold,90.17,112.1,22
1159,test,Gold,99.62,115.78,14
1160,test,Bronze,30.56,33.11,35
1161,ctrl,Bronze,26.6,28.41,39
1162,test,Bronze,26.36,32.93,28
1163,test,Bronze,27.19,31.94,21
1164,test,Bronze,34.43,38.99,44
1165,test,Gold,69.9,91.97,37
1166,test,Silver,71.04,77.35,18
1167,test,Silver,64.21,69.15,27
1168,ctrl,Silver,54.02,57.56,19
1169,test,Bronze,37.6,35.04,41
1170,test,Silver,47.32,60.06,18
1171,ctrl,Silver,70.79,73.6,26
1172,test,Gold,104.17,122.93,40
1173,test,Bronze,20.87,19.09,32
1174,ctrl,Bronze,21.31,18.18,43
1175,ctrl,Bronze,28.35,26.76,40
1176,test,Bronze,17.63,16.16,23
1177,ctrl,Bronze,37.98,40.57,28
1178,ctrl,Gold,95.3,92.1,21
1179,test,Bronze,20.2,21.95,27
1180,test,Bronze,29.11,30.84,31
1181,test,Gold,82.26,98.86,40
1182,test,Gold,106.1,124.33,39
1183,ctrl,Gold,121.47,115.16,25
1184,test,Gold,69.25,91.17,38
1185,ctrl,Bronze,33.79,27.7,34
1186,ctrl,Bronze,35.26,36.8,36
1187,ctrl,Gold,96.83,100.4,32
1188,test,Bronze,19.26,20.96,29
1189,ctrl,Silver,59.78,65.88,23
1190,test,Silver,51.74,57.05,29
1191,ctrl,Bronze,35.63,32.95,17
1192,ctrl,Silver,52.84,48.28,24
1193,ctrl,Gold,108.72,112.79,44
1194,test,Gold,116.54,143.31,36
1195,test,Silver,40.21,47.25,14
1196,test,Silver,71.28,82.5,26
1197,ctrl,Bronze,30.67,32.48,25
1198,ctrl,Gold,111.71,108.52,26
1199,test,Silver,49.56,57.17,41
1200,test,Silver,58.79,71.48,31
1201,test,Silver,57.68,67.83,19
1202,ctrl,Silver,36.29,37.13,42
1203,ctrl,Silver,58.53,63.26,36
1204,test,Gold,112.34,135.07,15
1205,test,Silver,53.69,58.99,35
1206,ctrl,Bronze,22.56,18.96,14
1207,ctrl,Bronze,35.42,35.75,29
1208,test,Bronze,34.24,36.79,36
1209,ctrl,Bronze,35.41,33.18,24
1210,test,Silver,73.2,80.97,29
1211,test,Silver,67.15,72.14,21
1212,test,Silver,49.2,58.84,39
1213,ctrl,Gold,99.35,102.26,27
1214,ctrl,Gold,108.0,106.71,17
1215,test,Bronze,25.72,26.95,22
1216,test,Bronze,13.79,13.41,32
1217,test,Bronze,33.01,39.96,37
1218,ctrl,Bronze,39.07,42.19,35
1219,ctrl,Gold,111.06,111.58,33
1220,ctrl,Gold,85.04,83.4,25
1221,ctrl,Bronze,32.39,33.36,33
1222,ctrl,Gold,114.24,117.19,27
1223,ctrl,Silver,69.68,75.92,38
1224,test,Bronze,25.19,37.95,24
1225,ctrl,Bronze,31.56,35.94,42
1226,test,Bronze,25.52,22.63,39
1227,ctrl,Bronze,47.21,50.28,44
1228,ctrl,Gold,99.09,97.34,39
1229,ctrl,Bronze,27.72,32.04,24
1230,ctrl,Silver,63.06,63.98,27
1231,ctrl,Bronze,23.06,18.41,39
1232,ctrl,Gold,93.4,96.06,26
1233,ctrl,Silver,46.58,51.84,43
1234,ctrl,Gold,73.71,66.96,14
1235,test,Silver,59.02,61.37,15
1236,test,Bronze,35.5,37.25,14
1237,test,Bronze,22.55,21.86,17
1238,ctrl,Bronze,15.71,19.87,14
1239,test,Bronze,21.63,28.15,22
1240,test,Bronze,36.63,39.16,42
1241,test,Bronze,35.89,40.51,30
1242,test,Bronze,29.12,31.51,35
1243,ctrl,Gold,81.7,80.82,36
1244,test,Gold,108.76,126.5,40
1245,test,Bronze,28.16,27.26,35
1246,test,Gold,83.76,104.55,20
1247,ctrl,Silver,53.98,50.33,43
1248,ctrl,Bronze,31.48,36.82,33
1249,ctrl,Bronze,34.22,34.62,31
1250,ctrl,Bronze,35.52,33.11,40
1251,ctrl,Silver,53.54,56.07,41
1252,test,Silver,57.99,66.5,24
1253,ctrl,Bronze,28.45,29.73,17
1254,test,Bronze,38.72,37.78,19
1255,test,Bronze,14.72,19.05,41
1256,test,Bronze,26.54,29.92,16
1257,ctrl,Silver,68.2,65.11,43
1258,test,Gold,99.93,116.75,30
1259,ctrl,Gold,79.19,75.3,34
1260,ctrl,Silver,58.75,58.27,31
1261,ctrl,Bronze,39.1,40.23,25
1262,ctrl,Bronze,26.87,25.46,39
1263,ctrl,Silver,52.65,48.97,38
1264,ctrl,Bronze,28.66,26.53,37
1265,ctrl,Gold,120.59,118.13,28
1266,test,Bronze,23.73,24.53,26
1267,ctrl,Silver,76.61,80.47,30
1268,ctrl,Bronze,21.94,23.01,19
1269,ctrl,Bronze,36.83,33.69,16
1270,test,Bronze,46.13,49.64,38
1271,test,Bronze,44.26,48.63,41
1272,test,Bronze,21.5,20.6,32
1273,ctrl,Gold,92.4,92.94,37
1274,test,Gold,127.14,149.46,31
1275,ctrl,Silver,47.88,50.51,14
1276,test,Silver,64.08,77.69,16
1277,test,Gold,122.85,142.34,16
1278,test,Silver,82.99,90.78,39
1279,test,Silver,57.7,67.56,22
1280,ctrl,Gold,93.92,90.69,18
1281,test,Bronze,33.3,35.04,30
1282,ctrl,Bronze,22.17,27.19,44
1283,test,Silver,63.35,71.03,16
1284,ctrl,Bronze,35.33,33.49,41
1285,ctrl,Silver,41.86,41.25,29
1286,test,Bronze,12.73,15.53,24
1287,test,Silver,56.61,56.1,32
1288,ctrl,Gold,106.26,105.04,21
1289,test,Gold,111.6,134.22,22
1290,test,Bronze,22.26,21.58,44
1291,ctrl,Silver,66.28,64.05,30
1292,test,Silver,71.73,80.74,42
1293,test,Silver,61.54,67.88,44
1294,test,Bronze,25.04,27.36,23
1295,ctrl,Gold,82.28,81.49,39
1296,test,Bronze,35.36,34.64,32
1297,test,Silver,26.42,34.88,14
1298,ctrl,Gold,109.71,109.33,19
1299,ctrl,Gold,97.93,95.48,25
1300,ctrl,Silver,53.43,53.88,34
1301,ctrl,Bronze,39.48,45.07,25
1302,test,Gold,80.73,99.75,25
1303,test,Gold,110.61,131.93,23
1304,test,Silver,57.95,66.84,17
1305,ctrl,Silver,55.93,57.91,37
1306,ctrl,Bronze,31.31,37.19,26
1307,ctrl,Silver,43.22,44.09,41
1308,test,Bronze,27.32,30.15,35
1309,ctrl,Silver,55.41,56.6,15
1310,test,Gold,75.02,98.11,42
1311,ctrl,Bronze,30.0,32.12,27
1312,test,Silver,68.84,77.37,15
1313,ctrl,Bronze,38.06,34.19,24
1314,test,Bronze,39.25,40.61,29
1315,ctrl,Silver,49.14,49.73,30
1316,ctrl,Bronze,29.0,27.22,30
1317,test,Silver,58.45,67.41,23
1318,ctrl,Silver,36.88,37.73,27
1319,test,Silver,88.85,96.5,24
1320,ctrl,Bronze,18.49,18.27,20
1321,ctrl,Silver,52.31,49.59,26
1322,test,Gold,80.96,99.64,28
1323,ctrl,Silver,44.52,44.53,25
1324,ctrl,Silver,43.22,44.34,19
1325,ctrl,Silver,55.7,60.21,14
1326,ctrl,Bronze,35.18,39.84,36
1327,test,Bronze,34.37,41.49,42
1328,test,Bronze,22.53,32.93,22
1329,test,Bronze,34.19,29.87,18
1330,test,Bronze,23.88,25.01,23
1331,ctrl,Silver,60.31,57.45,25
1332,ctrl,Gold,121.15,126.66,19
1333,ctrl,Gold,129.19,126.75,17
1334,test,Gold,97.69,117.78,39
1335,ctrl,Bronze,34.03,30.88,33
1336,ctrl,Bronze,42.81,43.88,33
1337,ctrl,Silver,66.34,63.67,16
1338,test,Bronze,39.8,42.0,17
1339,test,Silver,45.03,53.15,28
1340,ctrl,Bronze,34.46,35.77,31
1341,test,Bronze,32.28,29.39,26
1342,ctrl,Gold,99.14,97.85,26
1343,ctrl,Bronze,47.29,51.01,18
1344,test,Silver,66.72,75.24,42
1345,test,Silver,72.92,76.78,40
1346,test,Silver,65.31,73.72,27
1347,ctrl,Silver,66.45,66.54,35
1348,ctrl,Silver,70.74,71.55,25
1349,test,Bronze,41.15,41.43,44
1350,test,Bronze,44.47,45.95,27
1351,ctrl,Gold,125.72,127.3,43
1352,ctrl,Bronze,18.46,23.49,36
1353,test,Silver,63.92,71.23,34
1354,ctrl,Gold,114.93,110.44,32
1355,test,Gold,121.52,142.03,35
1356,test,Bronze,35.86,31.88,34
1357,ctrl,Silver,53.9,51.95,37
1358,ctrl,Silver,53.86,52.55,34
1359,test,Bronze,27.6,31.81,16
1360,test,Bronze,30.96,35.9,26
1361,ctrl,Silver,42.41,44.16,19
1362,ctrl,Silver,60.3,60.68,27
1363,test,Silver,46.02,52.58,44
1364,ctrl,Gold,117.33,120.9,32
1365,test,Bronze,19.14,22.88,26
1366,ctrl,Bronze,27.24,24.3,20
1367,ctrl,Silver,61.17,56.52,24
1368,ctrl,Gold,95.6,98.24,25
1369,ctrl,Silver,60.58,61.76,34
1370,test,Bronze,35.58,35.77,41
1371,test,Bronze,25.93,26.22,26
1372,ctrl,Silver,74.13,70.62,44
1373,test,Bronze,39.43,35.16,24
1374,test,Bronze,6.23,10.33,14
1375,test,Silver,44.2,54.7,21
1376,test,Silver,59.83,64.77,14
1377,test,Bronze,16.16,17.23,23
1378,ctrl,Bronze,29.33,27.37,36
1379,ctrl,Bronze,29.24,30.15,32
1380,ctrl,Bronze,28.48,30.0,37
1381,test,Bronze,28.95,29.82,30
1382,test,Silver,60.98,73.13,38
1383,ctrl,Gold,107.78,110.59,16
1384,test,Bronze,41.26,41.73,14
1385,ctrl,Bronze,32.79,31.43,38
1386,test,Gold,86.74,103.61,39
1387,ctrl,Gold,112.94,116.0,16
1388,test,Silver,66.3,74.53,18
1389,test,Gold,119.83,139.66,25
1390,ctrl,Bronze,28.3,32.06,31
1391,ctrl,Bronze,41.1,43.36,31
1392,ctrl,Silver,77.68,76.47,37
1393,ctrl,Gold,72.85,70.33,15
1394,ctrl,Silver,59.8,65.63,15
1395,ctrl,Gold,130.4,130.95,14
1396,ctrl,Silver,64.32,63.52,33
1397,ctrl,Bronze,34.92,34.14,41
1398,test,Bronze,27.79,27.96,23
1399,ctrl,Gold,112.09,113.24,21
1400,test,Bronze,17.48,13.76,32
1401,ctrl,Silver,59.57,60.7,41
1402,ctrl,Gold,90.27,92.31,25
1403,ctrl,Silver,49.91,54.38,30
1404,test,Silver,66.26,76.66,22
1405,test,Bronze,36.51,45.09,41
1406,test,Bronze,32.56,33.45,17
1407,test,Bronze,26.91,32.33,43
1408,ctrl,Bronze,29.33,30.9,18
1409,ctrl,Silver,49.35,54.02,37
1410,test,Silver,58.6,69.64,30
1411,test,Silver,78.35,86.29,38
1412,test,Silver,59.6,66.97,19
1413,ctrl,Bronze,32.6,29.25,25
1414,ctrl,Silver,53.14,53.93,38
1415,ctrl,Gold,106.29,107.53,18
1416,ctrl,Gold,94.39,96.67,31
1417,test,Bronze,27.64,27.23,23
1418,ctrl,Silver,50.51,48.94,16
1419,test,Gold,123.58,146.42,33
1420,ctrl,Gold,116.45,116.75,17
1421,ctrl,Gold,90.93,98.02,15
1422,test,Silver,51.63,58.21,16
1423,ctrl,Gold,103.83,103.42,40
1424,ctrl,Silver,50.58,48.17,22
1425,ctrl,Silver,65.27,64.01,18
1426,ctrl,Bronze,27.46,23.93,44
1427,ctrl,Silver,69.08,72.76,34
1428,ctrl,Silver,74.17,75.69,14
1429,test,Bronze,32.1,33.34,36
1430,ctrl,Silver,65.17,66.31,33
1431,test,Gold,125.68,143.77,43
1432,ctrl,Silver,61.7,57.43,22
1433,ctrl,Gold,96.91,101.96,38
1434,test,Bronze,21.55,20.74,32
1435,test,Silver,76.22,82.54,27
1436,test,Gold,108.73,129.35,17
1437,ctrl,Silver,42.12,42.86,36
1438,test,Silver,40.52,46.37,18
1439,ctrl,Gold,82.32,81.16,14
1440,ctrl,Silver,65.48,61.18,34
1441,test,Silver,54.85,63.69,34
1442,ctrl,Gold,99.18,96.55,41
1443,test,Silver,75.29,85.85,44
1444,ctrl,Bronze,40.72,40.02,20
1445,ctrl,Bronze,25.99,29.72,29
1446,test,Gold,111.22,129.44,17
1447,ctrl,Gold,100.88,95.68,42
1448,ctrl,Silver,78.83,77.27,25
1449,test,Bronze,37.42,35.47,38
1450,test,Bronze,20.94,26.62,23
1451,test,Bronze,32.65,38.26,30
1452,test,Bronze,37.35,43.89,14
1453,test,Silver,92.53,100.38,16
1454,test,Gold,93.19,111.79,36
1455,ctrl,Bronze,22.99,19.68,44
1456,test,Silver,43.36,50.24,19
1457,test,Gold,103.39,124.87,14
1458,test,Bronze,24.1,24.4,27
1459,ctrl,Silver,63.24,66.0,32
1460,test,Bronze,25.03,28.65,18
1461,ctrl,Silver,60.72,56.45,35
1462,test,Bronze,29.62,32.38,33
1463,ctrl,Bronze,26.9,27.9,14
1464,test,Silver,46.04,53.54,27
1465,test,Bronze,37.29,34.53,23
1466,ctrl,Bronze,33.67,36.23,31
1467,ctrl,Silver,65.65,64.04,38
1468,test,Gold,101.45,124.9,14
1469,test,Silver,63.2,74.47,20
1470,ctrl,Silver,64.42,61.37,14
1471,test,Bronze,18.48,20.41,27
1472,test,Silver,71.16,76.32,23
1473,ctrl,Bronze,32.2,34.1,31
1474,test,Silver,43.56,53.21,31
1475,ctrl,Gold,118.98,122.12,35
1476,ctrl,Gold,91.14,93.05,31
1477,ctrl,Bronze,30.89,34.06,38
1478,ctrl,Silver,58.68,58.03,32
1479,ctrl,Bronze,14.43,15.62,25
1480,test,Silver,74.87,84.72,35
1481,ctrl,Gold,105.92,102.76,44
1482,ctrl,Gold,104.84,101.9,22
1483,test,Gold,119.38,140.03,22
1484,ctrl,Silver,39.8,37.49,44
1485,test,Silver,37.79,44.04,34
1486,ctrl,Gold,109.92,107.96,24
1487,test,Silver,75.56,87.46,43
1488,test,Gold,81.74,100.51,42
1489,test,Gold,111.32,131.02,42
1490,test,Silver,60.17,69.31,19
1491,ctrl,Bronze,41.2,38.23,33
1492,ctrl,Silver,76.32,71.84,40
1493,ctrl,Bronze,27.28,31.27,37
1494,test,Gold,87.83,104.27,15
1495,test,Silver,55.47,58.38,30
1496,test,Silver,58.79,64.25,20
1497,ctrl,Bronze,21.7,22.81,25
1498,ctrl,Gold,84.74,84.28,38
1499,test,Bronze,36.65,42.94,20
1500,test,Bronze,49.25,44.84,43
1501,ctrl,Bronze,21.29,22.23,39
1502,ctrl,Gold,92.23,87.66,32
1503,test,Silver,55.64,61.36,32
1504,test,Bronze,34.84,38.73,41
1505,test,Silver,66.08,73.73,29
1506,ctrl,Silver,80.52,84.49,43
1507,ctrl,Bronze,33.85,32.85,20
1508,ctrl,Silver,48.35,49.78,35
1509,test,Bronze,41.74,42.77,23
1510,test,Bronze,37.3,33.85,19
1511,test,Gold,97.99,123.51,36
1512,ctrl,Bronze,29.52,28.52,21
1513,test,Silver,54.92,58.43,25
1514,test,Bronze,23.3,29.61,36
1515,ctrl,Gold,71.16,72.55,35
1516,test,Silver,62.04,71.61,36
1517,test,Silver,56.07,65.96,28
1518,ctrl,Silver,56.83,59.28,44
1519,ctrl,Bronze,30.74,22.29,43
1520,test,Bronze,44.27,48.96,15
1521,test,Silver,70.4,77.14,31
1522,ctrl,Bronze,21.28,19.0,38
1523,test,Gold,92.82,114.13,43
1524,test,Silver,82.77,92.65,42
1525,test,Bronze,27.65,29.97,42
1526,ctrl,Gold,103.31,105.68,36
1527,ctrl,Silver,62.84,56.86,44
1528,test,Silver,66.75,76.8,25
1529,test,Bronze,14.81,20.57,38
1530,test,Bronze,26.7,26.2,22
1531,ctrl,Bronze,20.64,22.06,39
1532,test,Gold,71.67,93.92,26
1533,ctrl,Bronze,26.67,27.85,40
1534,test,Silver,53.68,61.01,27
1535,test,Silver,46.2,49.78,35
1536,test,Bronze,25.5,28.48,22
1537,ctrl,Bronze,32.97,34.46,44
1538,test,Silver,76.98,87.78,18
1539,ctrl,Silver,43.59,39.29,36
1540,test,Gold,120.81,137.01,21
1541,ctrl,Bronze,21.68,23.33,42
1542,ctrl,Silver,46.42,46.97,20
1543,ctrl,Gold,100.28,104.12,37
1544,test,Silver,42.05,48.06,26
1545,test,Bronze,29.22,33.83,30
1546,test,Bronze,19.83,17.18,30
1547,ctrl,Silver,45.93,40.57,28
1548,ctrl,Bronze,26.44,23.97,28
1549,test,Gold,106.83,121.98,14
1550,ctrl,Silver,40.79,43.43,16
1551,test,Bronze,32.08,27.15,40
1552,test,Bronze,19.33,18.54,27
1553,test,Bronze,34.84,35.48,40
1554,test,Silver,52.21,58.29,22
1555,test,Bronze,38.37,40.33,30
1556,ctrl,Gold,77.75,77.48,25
1557,ctrl,Gold,110.55,116.74,16
1558,test,Silver,49.53,61.31,28
1559,ctrl,Silver,53.71,53.47,38
1560,ctrl,Silver,43.0,44.81,18
1561,ctrl,Silver,52.16,52.58,20
1562,test,Bronze,23.63,29.78,37
1563,test,Silver,39.43,51.74,28
1564,test,Silver,60.39,69.99,42
1565,ctrl,Silver,57.64,52.1,30
1566,test,Bronze,44.21,42.74,32
1567,ctrl,Bronze,37.38,37.75,31
1568,ctrl,Silver,72.94,72.34,21
1569,ctrl,Bronze,22.19,25.22,27
1570,test,Silver,49.13,68.5,17
1571,test,Gold,104.86,123.52,21
1572,test,Bronze,20.46,25.48,32
1573,ctrl,Silver,72.29,71.54,14
1574,ctrl,Silver,54.85,52.07,31
1575,test,Bronze,33.77,36.88,34
1576,ctrl,Bronze,24.0,25.71,34
1577,test,Bronze,22.15,30.34,41
1578,test,Bronze,43.17,46.31,35
1579,ctrl,Silver,68.45,67.16,20
1580,test,Silver,71.19,77.61,23
1581,test,Bronze,23.08,25.15,35
1582,ctrl,Gold,127.9,127.55,25
1583,test,Silver,38.55,44.86,40
1584,test,Bronze,34.57,36.58,36
1585,ctrl,Silver,60.25,63.08,36
1586,test,Bronze,36.07,38.92,14
1587,test,Silver,36.82,46.5,26
1588,ctrl,Silver,63.02,60.21,23
1589,test,Bronze,19.01,21.79,19
1590,test,Silver,67.07,75.82,27
1591,ctrl,Bronze,18.73,19.4,33
1592,test,Gold,103.51,119.08,32
1593,test,Bronze,31.54,35.41,43
1594,ctrl,Gold,98.86,94.14,37
1595,test,Bronze,14.59,11.29,34
1596,test,Bronze,45.24,44.75,33
1597,test,Silver,37.86,46.33,25
1598,test,Bronze,35.07,38.29,21
1599,test,Gold,91.29,113.68,30
1600,ctrl,Bronze,32.29,35.69,25
1601,ctrl,Bronze,11.01,9.66,28
1602,ctrl,Silver,66.1,70.52,22
1603,test,Silver,32.09,47.36,40
1604,test,Bronze,42.39,48.76,21
1605,ctrl,Silver,33.51,34.4,34
1606,ctrl,Bronze,22.49,23.62,31
1607,ctrl,Silver,54.24,50.4,17
1608,ctrl,Silver,53.11,51.06,27
1609,ctrl,Gold,103.68,104.61,30
1610,test,Bronze,37.89,40.05,28
1611,test,Gold,77.37,95.6,25
1612,ctrl,Bronze,19.85,15.27,31
1613,ctrl,Silver,84.55,83.76,23
1614,ctrl,Gold,99.18,99.73,35
1615,test,Bronze,18.29,17.98,25
1616,test,Bronze,28.43,26.75,20
1617,ctrl,Silver,63.33,67.47,39
1618,test,Bronze,19.39,20.76,36
1619,test,Silver,67.13,73.15,40
1620,ctrl,Bronze,30.35,33.05,27
1621,ctrl,Silver,56.92,61.08,36
1622,ctrl,Bronze,35.5,32.33,21
1623,ctrl,Bronze,21.78,24.37,36
1624,ctrl,Bronze,22.84,21.2,14
1625,test,Bronze,24.26,29.92,14
1626,ctrl,Bronze,24.79,19.25,20
1627,ctrl,Gold,81.32,77.88,19
1628,ctrl,Silver,77.42,80.35,34
1629,test,Silver,68.73,76.48,14
1630,ctrl,Silver,64.52,61.41,43
1631,test,Silver,78.56,82.76,32
1632,ctrl,Silver,66.11,64.94,32
1633,ctrl,Bronze,42.22,41.33,32
1634,ctrl,Silver,58.87,66.54,42
1635,test,Gold,116.13,142.29,40
1636,ctrl,Bronze,28.34,31.4,26
1637,ctrl,Silver,58.13,57.66,31
1638,ctrl,Bronze,26.58,27.5,20
1639,test,Silver,63.17,74.58,37
1640,ctrl,Bronze,31.85,32.23,39
1641,ctrl,Silver,59.32,55.72,16
1642,test,Bronze,48.11,44.43,30
1643,ctrl,Silver,55.42,59.25,27
1644,test,Bronze,32.57,36.28,25
1645,test,Gold,90.88,114.34,36
1646,ctrl,Silver,46.4,44.18,30
1647,ctrl,Silver,66.52,67.11,38
1648,ctrl,Bronze,35.32,34.08,42
1649,ctrl,Bronze,25.02,29.44,16
1650,test,Gold,99.26,114.63,31
1651,test,Bronze,19.21,22.97,41
1652,ctrl,Bronze,19.58,15.41,18
1653,ctrl,Silver,54.88,60.01,27
1654,test,Silver,56.8,64.41,43
1655,test,Bronze,21.76,26.13,40
1656,ctrl,Bronze,23.08,22.72,24
1657,test,Silver,66.42,75.19,42
1658,test,Silver,64.2,72.92,39
1659,test,Silver,73.08,77.03,32
1660,ctrl,Silver,72.95,72.27,27
1661,ctrl,Silver,66.69,73.22,19
1662,ctrl,Gold,84.13,80.19,34
1663,test,Silver,60.47,67.27,19
1664,test,Bronze,31.37,39.53,41
1665,test,Bronze,28.6,31.73,20
1666,test,Silver,75.71,89.14,43
1667,ctrl,Gold,89.7,90.23,23
1668,ctrl,Silver,46.0,46.55,21
1669,test,Silver,68.05,73.58,43
1670,test,Silver,45.51,53.52,33
1671,test,Silver,27.5,34.79,35
1672,test,Gold,108.16,123.82,32
1673,ctrl,Bronze,41.11,39.99,31
1674,test,Gold,104.11,123.11,38
1675,test,Silver,69.62,74.83,29
1676,ctrl,Silver,55.08,55.3,24
1677,ctrl,Bronze,29.06,31.66,39
1678,test,Bronze,13.32,14.55,44
1679,test,Gold,124.75,140.64,42
1680,ctrl,Bronze,20.78,20.32,25
1681,ctrl,Silver,66.41,68.51,38
1682,test,Bronze,24.69,28.25,43
1683,ctrl,Bronze,18.9,19.4,24
1684,ctrl,Silver,62.33,64.64,32
1685,ctrl,Bronze,38.13,38.61,35
1686,test,Silver,64.47,70.37,20
1687,ctrl,Bronze,36.19,36.41,33
1688,ctrl,Gold,98.85,96.87,42
1689,ctrl,Gold,97.08,92.89,42
1690,test,Bronze,12.84,13.18,34
1691,test,Silver,73.94,81.92,33
1692,test,Silver,52.57,64.12,21
1693,ctrl,Gold,96.82,96.54,28
1694,ctrl,Bronze,31.57,36.19,22
1695,test,Gold,98.53,119.11,15
1696,test,Silver,58.55,68.9,16
1697,ctrl,Bronze,30.18,19.12,19
1698,test,Gold,108.48,128.85,35
1699,ctrl,Bronze,22.46,24.96,39
1700,ctrl,Silver,67.87,68.43,29
1701,test,Bronze,41.61,39.48,37
1702,test,Bronze,20.34,19.73,17
1703,test,Silver,57.03,65.65,35
1704,ctrl,Silver,45.02,44.37,32
1705,test,Bronze,23.98,25.58,38
1706,ctrl,Gold,95.78,96.78,29
1707,ctrl,Bronze,26.74,26.49,27
1708,test,Bronze,23.94,25.32,34
1709,ctrl,Bronze,38.35,36.87,42
1710,test,Silver,70.26,75.49,28
1711,ctrl,Silver,63.06,60.72,20
1712,ctrl,Bronze,26.1,23.54,37
1713,ctrl,Bronze,29.11,29.87,26
1714,test,Bronze,28.53,30.82,33
1715,test,Bronze,27.1,30.46,32
1716,ctrl,Bronze,22.2,20.01,24
1717,test,Bronze,45.93,50.22,44
1718,ctrl,Bronze,20.34,21.06,19
1719,test,Bronze,22.87,21.1,26
1720,ctrl,Silver,79.73,83.5,44
1721,test,Bronze,41.07,42.81,27
1722,test,Silver,62.69,68.29,14
1723,test,Silver,50.89,62.85,30
1724,test,Silver,40.53,43.68,36
1725,ctrl,Silver,63.42,63.32,41
1726,test,Silver,73.92,81.32,29
1727,test,Bronze,29.75,30.21,25
1728,test,Bronze,19.73,19.62,25
1729,ctrl,Bronze,33.39,38.9,21
1730,test,Silver,45.82,53.17,30
1731,test,Bronze,26.71,27.68,15
1732,test,Bronze,31.25,33.38,23
1733,test,Gold,78.81,95.75,44
1734,test,Bronze,25.52,30.87,36
1735,ctrl,Bronze,18.96,17.04,18
1736,ctrl,Gold,97.78,97.68,29
1737,ctrl,Silver,83.11,83.77,28
1738,test,Gold,92.48,113.77,32
1739,ctrl,Silver,70.04,70.74,40
1740,test,Bronze,28.41,30.99,39
1741,ctrl,Bronze,27.46,25.05,20
1742,ctrl,Gold,106.0,107.97,34
1743,test,Bronze,38.39,39.96,20
1744,test,Bronze,26.75,34.53,44
1745,ctrl,Gold,124.99,126.58,44
1746,ctrl,Silver,58.37,59.23,42
1747,ctrl,Bronze,18.46,21.45,34
1748,test,Silver,68.26,75.97,23
1749,test,Bronze,31.17,28.85,27
1750,test,Silver,72.78,81.0,34
1751,test,Bronze,31.6,35.2,14
1752,ctrl,Silver,58.72,60.5,22
1753,test,Gold,114.91,132.97,33
1754,ctrl,Bronze,24.39,21.52,16
1755,test,Bronze,34.99,35.26,27
1756,test,Silver,67.7,68.56,30
1757,ctrl,Silver,46.1,50.66,41
1758,test,Silver,55.63,60.39,25
1759,test,Bronze,31.35,30.19,41
1760,test,Bronze,29.55,31.97,25
1761,ctrl,Bronze,29.24,30.62,23
1762,test,Bronze,21.2,23.11,38
1763,test,Silver,59.89,63.48,26
1764,test,Bronze,31.51,33.44,28
1765,test,Silver,65.53,79.39,29
1766,test,Silver,56.73,68.04,26
1767,test,Silver,61.22,72.05,39
1768,test,Silver,45.11,50.9,19
1769,ctrl,Bronze,40.13,38.34,28
1770,ctrl,Gold,102.97,98.86,24
1771,test,Bronze,23.96,23.83,38
1772,test,Silver,66.37,71.4,35
1773,ctrl,Silver,78.16,79.45,22
1774,test,Gold,81.27,104.97,40
1775,ctrl,Silver,65.59,68.79,18
1776,ctrl,Gold,107.44,104.19,18
1777,test,Gold,109.36,128.79,40
1778,ctrl,Silver,52.71,53.45,31
1779,ctrl,Gold,101.28,98.52,29
1780,test,Gold,90.59,109.18,23
1781,ctrl,Silver,55.57,51.57,15
1782,test,Gold,101.0,126.06,31
1783,ctrl,Bronze,30.66,29.51,20
1784,test,Bronze,28.37,30.66,30
1785,test,Bronze,26.98,30.65,29
1786,ctrl,Silver,61.51,63.19,30
1787,ctrl,Silver,60.0,62.57,23
1788,test,Bronze,8.07,12.49,40
1789,ctrl,Silver,48.97,47.13,24
1790,ctrl,Bronze,27.09,23.99,24
1791,test,Bronze,37.32,34.0,17
1792,test,Bronze,29.61,26.3,40
1793,test,Gold,109.71,130.42,14
1794,test,Silver,41.53,47.42,25
1795,test,Bronze,24.72,20.25,27
1796,test,Silver,43.48,49.03,42
1797,test,Silver,67.37,79.84,17
1798,ctrl,Silver,46.7,47.18,23
1799,test,Gold,103.86,124.4,39
1800,test,Silver,76.89,88.79,34
1801,ctrl,Silver,70.98,73.85,32
1802,test,Gold,80.79,101.05,24
1803,ctrl,Bronze,18.72,18.92,41
1804,test,Bronze,32.45,39.2,14
1805,ctrl,Silver,72.78,69.58,15
1806,test,Bronze,30.9,34.25,14
1807,ctrl,Silver,56.68,51.29,25
1808,ctrl,Bronze,11.1,11.15,16
1809,test,Silver,64.49,75.44,24
1810,ctrl,Silver,64.65,64.37,42
1811,ctrl,Gold,99.75,103.68,23
1812,test,Silver,88.91,92.08,32
1813,ctrl,Silver,43.67,44.06,43
1814,ctrl,Gold,92.94,89.78,43
1815,ctrl,Silver,63.67,66.43,40
1816,test,Silver,56.65,72.8,42
1817,ctrl,Bronze,21.39,21.49,20
1818,ctrl,Bronze,25.67,22.28,33
1819,test,Gold,117.16,139.53,18
1820,ctrl,Bronze,28.93,27.36,16
1821,test,Silver,65.66,75.73,23
1822,ctrl,Gold,86.72,84.05,40
1823,test,Gold,105.89,130.24,41
1824,ctrl,Bronze,32.96,30.68,21
1825,ctrl,Silver,55.92,59.35,18
1826,test,Gold,105.12,122.08,30
1827,test,Bronze,38.83,43.17,37
1828,ctrl,Silver,37.7,39.6,32
1829,test,Bronze,48.84,50.06,37
1830,ctrl,Gold,107.07,101.91,44
1831,ctrl,Bronze,21.66,19.98,20
1832,ctrl,Silver,48.27,43.87,30
1833,test,Silver,65.72,71.92,23
1834,ctrl,Silver,59.94,63.03,17
1835,ctrl,Gold,103.72,103.6,31
1836,ctrl,Bronze,32.5,32.01,35
1837,ctrl,Silver,76.58,68.64,26
1838,test,Bronze,33.26,34.7,14
1839,ctrl,Bronze,37.76,36.4,27
1840,ctrl,Gold,125.89,127.84,29
1841,ctrl,Silver,54.71,57.43,29
1842,test,Bronze,34.57,31.09,24
1843,test,Gold,88.72,113.97,14
1844,ctrl,Bronze,31.98,25.24,44
1845,test,Silver,67.21,71.29,21
1846,ctrl,Bronze,37.16,35.3,40
1847,test,Bronze,39.28,41.78,26
1848,ctrl,Bronze,22.54,17.6,20
1849,test,Gold,84.62,105.64,23
1850,ctrl,Silver,52.72,53.81,31
1851,ctrl,Bronze,40.58,42.48,17
1852,ctrl,Gold,101.1,101.54,30
1853,ctrl,Gold,94.65,89.06,20
1854,test,Bronze,34.01,34.32,17
1855,ctrl,Silver,56.37,52.57,28
1856,ctrl,Silver,61.83,65.56,40
1857,ctrl,Silver,71.13,69.14,20
1858,ctrl,Bronze,37.95,42.94,14
1859,test,Silver,72.67,80.93,24
1860,test,Silver,48.24,55.83,28
1861,ctrl,Gold,89.04,85.81,44
1862,ctrl,Gold,92.09,87.61,36
1863,test,Silver,73.31,80.26,20
1864,ctrl,Silver,47.31,47.34,27
1865,ctrl,Bronze,39.94,37.48,42
1866,ctrl,Bronze,32.05,29.27,14
1867,ctrl,Silver,62.61,61.58,24
1868,ctrl,Bronze,32.83,27.45,21
1869,test,Gold,87.66,110.7,42
1870,ctrl,Silver,52.33,54.71,30
1871,test,Gold,95.8,116.49,18
1872,ctrl,Silver,55.33,56.02,25
1873,test,Silver,62.35,71.22,17
1874,ctrl,Gold,89.86,85.96,28
1875,ctrl,Bronze,37.38,35.66,44
1876,ctrl,Bronze,33.36,38.39,15
1877,test,Silver,58.46,70.56,23
1878,test,Gold,104.38,128.11,37
1879,test,Gold,85.93,106.81,21
1880,test,Silver,68.08,81.88,39
1881,test,Silver,68.4,78.74,38
1882,ctrl,Gold,78.09,77.28,32
1883,ctrl,Gold,100.27,106.58,18
1884,ctrl,Silver,60.16,65.18,33
1885,ctrl,Bronze,19.37,19.57,28
1886,test,Bronze,30.96,34.33,41
1887,ctrl,Bronze,28.03,24.65,18
1888,test,Gold,98.79,125.87,44
1889,ctrl,Gold,60.84,60.04,18
1890,ctrl,Bronze,34.81,39.72,19
1891,ctrl,Gold,42.36,44.23,18
1892,test,Silver,51.06,65.61,30
1893,test,Bronze,34.96,35.29,35
1894,ctrl,Bronze,25.84,23.99,17
1895,test,Bronze,32.96,38.29,19
1896,test,Bronze,33.93,32.86,39
1897,test,Silver,32.64,36.52,41
1898,ctrl,Silver,50.11,52.25,42
1899,ctrl,Bronze,36.75,35.6,35
1900,test,Bronze,35.78,40.81,17
1901,ctrl,Gold,102.62,98.06,40
1902,ctrl,Silver,69.56,69.72,41
1903,ctrl,Gold,103.07,103.65,40
1904,test,Gold,114.34,133.73,16
1905,ctrl,Silver,70.68,73.33,36
1906,test,Gold,98.72,116.95,31
1907,ctrl,Silver,75.7,77.78,42
1908,test,Silver,63.44,74.32,34
1909,test,Gold,79.85,97.96,42
1910,ctrl,Silver,49.58,50.07,36
1911,ctrl,Silver,67.52,65.01,41
1912,test,Bronze,22.68,24.28,16
1913,ctrl,Bronze,49.96,49.38,41
1914,ctrl,Bronze,23.83,27.62,40
1915,test,Gold,97.72,113.75,33
1916,ctrl,Silver,70.78,72.56,22
1917,ctrl,Silver,64.89,60.59,39
1918,test,Silver,70.73,81.56,35
1919,test,Silver,59.6,68.34,38
1920,ctrl,Gold,93.89,91.85,15
1921,ctrl,Bronze,15.79,17.06,14
1922,ctrl,Bronze,16.11,17.97,19
1923,test,Bronze,12.38,17.37,27
1924,test,Bronze,41.96,41.46,30
1925,test,Bronze,27.19,34.8,32
1926,ctrl,Bronze,29.64,27.36,21
1927,test,Silver,68.16,78.95,30
1928,test,Silver,60.14,71.38,37
1929,ctrl,Bronze,37.01,38.99,33
1930,ctrl,Gold,93.63,96.61,18
1931,ctrl,Silver,62.86,63.03,21
1932,ctrl,Bronze,38.33,37.39,44
1933,ctrl,Silver,67.43,67.27,24
1934,test,Bronze,9.58,11.32,15
1935,ctrl,Silver,82.72,78.94,17
1936,test,Silver,72.61,81.01,24
1937,test,Silver,41.15,50.33,26
1938,ctrl,Gold,100.82,98.69,30
1939,test,Bronze,38.28,39.92,32
1940,test,Gold,81.01,99.02,15
1941,test,Bronze,34.99,36.92,33
1942,ctrl,Gold,102.02,100.95,43
1943,test,Gold,114.06,136.76,25
1944,test,Gold,89.16,105.24,15
1945,test,Silver,65.83,76.32,20
1946,ctrl,Bronze,35.06,33.22,27
1947,test,Bronze,24.48,28.69,22
1948,test,Bronze,36.59,40.23,26
1949,ctrl,Bronze,40.51,42.16,26
1950,ctrl,Gold,96.24,91.25,21
1951,test,Bronze,35.04,38.6,41
1952,ctrl,Silver,74.78,72.76,22
1953,test,Silver,72.24,77.98,21
1954,ctrl,Bronze,22.15,22.59,24
1955,ctrl,Silver,63.05,66.73,42
1956,ctrl,Silver,51.1,50.63,38
1957,ctrl,Bronze,23.71,25.3,40
1958,ctrl,Silver,63.46,60.91,19
1959,ctrl,Silver,73.03,74.13,19
1960,ctrl,Silver,65.27,67.41,16
1961,ctrl,Gold,113.84,112.8,33
1962,ctrl,Gold,82.06,77.44,23
1963,ctrl,Silver,39.15,40.35,34
1964,ctrl,Silver,55.45,52.55,41
1965,ctrl,Gold,96.06,96.49,35
1966,ctrl,Gold,90.85,89.26,20
1967,ctrl,Bronze,16.9,15.68,35
1968,ctrl,Bronze,20.17,14.35,31
1969,ctrl,Silver,66.98,64.25,23
1970,test,Gold,78.21,98.75,31
1971,test,Silver,73.4,76.65,41
1972,ctrl,Bronze,23.37,21.52,16
1973,test,Bronze,35.54,38.33,37
1974,test,Bronze,25.6,29.47,35
1975,test,Bronze,47.93,47.86,33
1976,test,Bronze,23.77,26.81,23
1977,ctrl,Bronze,21.19,26.5,23
1978,test,Silver,37.29,41.21,43
1979,test,Bronze,19.37,19.18,29
1980,ctrl,Silver,52.0,54.44,24
1981,test,Bronze,22.49,23.92,29
1982,ctrl,Bronze,36.45,39.51,22
1983,test,Bronze,32.04,32.26,36
1984,ctrl,Silver,78.94,82.23,29
1985,test,Silver,74.29,82.7,25
1986,ctrl,Bronze,29.21,30.15,34
1987,ctrl,Bronze,30.67,34.82,18
1988,test,Gold,85.16,104.96,41
1989,test,Bronze,26.72,26.57,27
1990,test,Silver,68.1,77.68,15
1991,test,Gold,75.53,94.53,32
1992,test,Silver,64.49,67.35,41
1993,test,Silver,48.22,53.53,30
1994,test,Bronze,32.03,36.54,28
1995,test,Silver,62.23,71.63,27
1996,test,Silver,57.64,63.86,18
1997,test,Silver,68.17,82.82,33
1998,ctrl,Bronze,12.17,15.33,37
1999,ctrl,Gold,88.25,92.48,27
2000,ctrl,Bronze,22.01,20.94,17
2001,ctrl,Bronze,29.38,29.38,17
2002,test,Bronze,30.78,34.6,26
2003,test,Silver,53.36,55.93,30
2004,test,Gold,101.16,122.98,18
2005,ctrl,Gold,129.15,128.17,28
2006,ctrl,Silver,76.93,76.92,44
2007,test,Silver,56.84,64.03,14
2008,test,Bronze,41.4,36.8,30
2009,ctrl,Silver,64.72,65.19,21
2010,test,Bronze,28.27,29.32,21
2011,ctrl,Bronze,29.96,29.43,37
2012,test,Gold,105.25,121.51,26
2013,test,Silver,53.23,61.71,43
2014,ctrl,Silver,55.31,58.74,36
2015,ctrl,Bronze,23.75,21.42,17
2016,test,Silver,54.59,62.87,14
2017,test,Silver,68.58,76.11,26
2018,ctrl,Silver,54.41,60.5,32
2019,ctrl,Gold,97.94,97.58,29
2020,ctrl,Bronze,32.41,39.66,21
2021,ctrl,Silver,62.74,63.44,39
2022,ctrl,Silver,47.29,49.18,14
2023,ctrl,Gold,84.89,88.47,35
2024,ctrl,Bronze,34.68,34.85,40
2025,test,Gold,92.39,114.6,21
2026,ctrl,Silver,60.99,59.19,28
2027,test,Gold,114.1,134.34,24
2028,ctrl,Gold,92.88,94.57,21
2029,test,Bronze,44.41,43.22,32
2030,test,Bronze,29.94,29.22,44
2031,ctrl,Silver,56.72,55.9,15
2032,ctrl,Bronze,22.57,25.5,19
2033,ctrl,Gold,74.71,77.81,17
2034,test,Silver,43.38,52.17,18
2035,ctrl,Silver,58.98,59.35,15
2036,test,Silver,59.82,68.15,43
2037,ctrl,Silver,52.28,57.48,18
2038,test,Gold,100.09,122.07,37
2039,ctrl,Bronze,37.48,33.46,29
2040,ctrl,Gold,107.18,104.82,42
2041,test,Silver,52.11,59.61,33
2042,ctrl,Silver,46.79,45.59,14
2043,test,Gold,109.6,131.02,44
2044,test,Bronze,32.22,35.31,20
2045,test,Bronze,34.83,41.21,15
2046,ctrl,Gold,73.22,72.88,44
2047,test,Gold,90.3,111.53,34
2048,test,Bronze,30.98,29.99,15
2049,test,Silver,32.59,44.46,23
2050,ctrl,Bronze,32.52,35.28,41
2051,test,Bronze,32.82,33.65,38
2052,test,Silver,60.95,68.65,43
2053,test,Gold,114.32,137.3,29
2054,ctrl,Bronze,31.78,35.38,24
2055,ctrl,Bronze,21.2,19.84,19
2056,test,Silver,65.91,75.25,19
2057,test,Silver,76.71,88.12,18
2058,test,Gold,96.21,115.36,25
2059,ctrl,Silver,81.14,84.46,42
2060,ctrl,Silver,84.85,84.03,20
2061,ctrl,Silver,48.28,47.85,15
2062,test,Bronze,24.47,31.22,43
2063,test,Gold,93.91,114.21,34
2064,ctrl,Bronze,38.22,36.15,30
2065,test,Bronze,32.24,31.36,17
2066,ctrl,Bronze,33.59,31.09,15
2067,test,Bronze,31.85,35.43,36
2068,ctrl,Bronze,26.17,24.64,22
2069,test,Bronze,30.77,29.67,25
2070,test,Silver,72.39,76.43,34
2071,ctrl,Silver,57.69,59.54,41
2072,ctrl,Bronze,25.49,26.17,28
2073,ctrl,Silver,64.4,67.75,21
2074,ctrl,Bronze,23.35,28.1,31
2075,ctrl,Silver,65.05,68.07,39
2076,ctrl,Bronze,20.77,21.59,19
2077,ctrl,Bronze,27.5,24.99,37
2078,ctrl,Gold,117.4,120.16,16
2079,ctrl,Bronze,38.24,40.61,19
2080,ctrl,Silver,43.16,42.61,33
2081,ctrl,Bronze,38.92,39.81,21
2082,test,Silver,45.4,52.29,36
2083,ctrl,Silver,57.48,55.54,37
2084,test,Silver,52.64,55.38,35
2085,ctrl,Bronze,32.92,35.16,17
2086,test,Gold,117.6,140.14,20
2087,test,Bronze,43.08,50.54,31
2088,test,Gold,98.37,114.29,31
2089,ctrl,Gold,83.27,87.36,20
2090,test,Silver,39.01,46.07,27
2091,ctrl,Silver,62.56,59.33,42
2092,ctrl,Gold,86.83,88.86,14
2093,ctrl,Silver,52.19,56.02,23
2094,test,Bronze,44.62,50.88,30
2095,ctrl,Silver,71.81,72.91,18
2096,test,Bronze,24.17,24.83,23
2097,test,Silver,74.77,82.26,37
2098,ctrl,Bronze,38.91,37.9,31
2099,ctrl,Silver,66.36,69.06,17
2100,ctrl,Silver,38.92,40.34,31
2101,ctrl,Gold,65.25,70.55,27
2102,ctrl,Gold,110.81,112.7,17
2103,ctrl,Silver,53.21,49.97,37
2104,test,Bronze,30.64,34.57,38
2105,ctrl,Bronze,23.91,21.9,44
2106,test,Silver,65.23,73.02,34
2107,test,Bronze,24.51,30.17,27
2108,test,Gold,104.37,124.79,29
2109,ctrl,Silver,57.32,55.53,35
2110,ctrl,Silver,56.68,55.12,27
2111,test,Silver,85.31,93.52,25
2112,test,Silver,49.89,58.13,34
2113,test,Silver,77.02,83.48,21
2114,test,Gold,88.57,112.07,40
2115,test,Bronze,37.95,46.39,44
2116,test,Gold,97.01,117.03,15
2117,test,Silver,57.3,67.13,38
2118,ctrl,Gold,107.76,106.83,38
2119,ctrl,Gold,86.52,89.72,37
2120,test,Silver,68.93,71.77,15
2121,ctrl,Bronze,41.85,43.26,18
2122,ctrl,Silver,68.45,68.61,25
2123,test,Bronze,35.02,29.3,29
2124,test,Gold,84.27,102.31,23
2125,test,Silver,87.23,97.95,15
2126,ctrl,Bronze,27.06,27.39,37
2127,test,Bronze,28.44,30.22,35
2128,ctrl,Gold,84.32,87.76,29
2129,ctrl,Bronze,33.77,33.83,19
2130,ctrl,Bronze,38.53,34.5,18
2131,test,Silver,61.09,68.98,23
2132,ctrl,Bronze,24.26,20.6,44
2133,ctrl,Silver,75.48,70.94,36
2134,ctrl,Bronze,39.31,38.44,38
2135,ctrl,Bronze,17.13,14.69,24
2136,ctrl,Silver,74.57,76.08,16
2137,ctrl,Gold,104.8,98.24,44
2138,ctrl,Bronze,41.27,43.6,20
2139,ctrl,Bronze,44.1,44.4,30
2140,test,Bronze,42.0,44.36,42
2141,test,Gold,95.41,117.11,27
2142,test,Gold,99.7,119.77,42
2143,test,Gold,67.56,86.87,43
2144,test,Silver,65.42,78.29,22
2145,test,Bronze,20.19,26.02,34
2146,ctrl,Bronze,38.38,39.24,17
2147,ctrl,Silver,53.27,54.25,24
2148,ctrl,Silver,51.6,55.09,40
2149,ctrl,Gold,115.17,115.16,37
2150,ctrl,Silver,41.33,44.32,35
2151,test,Silver,60.51,66.72,33
2152,test,Gold,73.73,94.17,36
2153,ctrl,Bronze,30.25,31.48,39
2154,ctrl,Bronze,34.56,29.79,15
2155,test,Silver,75.5,85.95,44
2156,test,Silver,60.82,68.68,41
2157,test,Silver,66.5,73.27,32
2158,test,Bronze,22.98,27.08,38
2159,test,Silver,63.85,69.0,39
2160,test,Silver,62.76,67.42,31
2161,test,Silver,61.43,68.87,18
2162,ctrl,Gold,86.66,89.23,26
2163,ctrl,Silver,61.35,66.19,41
2164,ctrl,Gold,129.52,128.36,30
2165,test,Bronze,22.78,26.22,18
2166,test,Bronze,38.09,33.46,27
2167,test,Bronze,41.9,48.38,16
2168,ctrl,Silver,58.6,55.79,18
2169,test,Gold,110.45,133.61,25
2170,ctrl,Silver,66.06,68.38,27
2171,test,Bronze,47.89,51.87,18
2172,test,Silver,51.29,64.61,16
2173,ctrl,Gold,103.05,104.35,44
2174,ctrl,Gold,84.9,87.5,26
2175,ctrl,Gold,96.8,96.18,25
2176,test,Silver,63.2,73.36,43
2177,ctrl,Gold,99.78,95.33,34
2178,ctrl,Bronze,37.73,41.76,22
2179,ctrl,Silver,51.01,51.9,42
2180,ctrl,Bronze,26.26,27.07,18
2181,ctrl,Bronze,38.85,40.91,19
2182,test,Gold,80.61,97.69,21
2183,test,Bronze,25.55,27.26,33
2184,test,Gold,98.44,122.45,41
2185,test,Bronze,27.06,29.2,37
2186,ctrl,Gold,94.87,95.78,39
2187,test,Bronze,20.98,22.97,37
2188,ctrl,Silver,53.09,52.78,18
2189,ctrl,Bronze,34.51,36.39,18
2190,test,Bronze,28.3,26.56,24
2191,test,Bronze,30.49,36.58,41
2192,test,Gold,78.84,102.01,40
2193,ctrl,Silver,56.29,52.3,30
2194,test,Bronze,30.59,34.01,36
2195,test,Silver,50.28,56.21,43
2196,test,Bronze,32.53,37.67,42
2197,ctrl,Bronze,45.36,37.89,24
2198,test,Bronze,23.08,23.04,39
2199,ctrl,Silver,78.25,73.69,39
2200,ctrl,Bronze,28.11,28.35,25
2201,test,Silver,67.86,76.67,14
2202,test,Bronze,36.93,39.49,28
2203,test,Bronze,13.1,13.46,31
2204,ctrl,Bronze,27.37,33.92,14
2205,test,Silver,39.83,46.0,16
2206,ctrl,Gold,97.83,100.71,43
2207,test,Silver,63.66,72.87,23
2208,test,Silver,78.35,89.12,43
2209,ctrl,Bronze,40.93,44.98,41
2210,test,Bronze,39.53,35.58,15
2211,test,Silver,42.9,56.08,42
2212,test,Silver,51.84,57.69,28
2213,test,Silver,66.7,82.34,39
2214,test,Bronze,36.98,44.33,35
2215,ctrl,Bronze,33.11,32.16,32
2216,ctrl,Gold,108.41,112.17,23
2217,test,Bronze,33.87,38.21,41
2218,ctrl,Silver,56.92,57.84,35
2219,ctrl,Silver,67.92,70.85,22
2220,ctrl,Gold,131.35,134.88,32
2221,ctrl,Silver,61.99,60.02,42
2222,test,Gold,102.65,121.12,18
2223,test,Bronze,37.03,38.69,26
2224,ctrl,Bronze,23.35,28.66,40
2225,test,Bronze,24.92,22.98,17
2226,test,Silver,61.06,65.5,21
2227,ctrl,Silver,75.51,79.02,33
2228,ctrl,Gold,115.4,117.09,31
2229,ctrl,Silver,77.2,85.52,27
2230,test,Silver,59.57,66.12,43
2231,ctrl,Silver,70.41,74.48,23
2232,ctrl,Silver,55.89,56.99,16
2233,ctrl,Bronze,42.31,44.45,28
2234,test,Silver,74.28,79.93,35
2235,ctrl,Bronze,32.8,30.81,29
2236,ctrl,Bronze,34.21,36.4,19
2237,test,Silver,65.14,72.42,39
2238,test,Gold,78.4,104.45,22
2239,ctrl,Bronze,37.81,35.28,29
2240,test,Silver,56.44,64.73,40
2241,ctrl,Silver,83.63,86.79,33
2242,ctrl,Gold,107.74,109.82,31
2243,test,Silver,65.15,75.87,37
2244,test,Bronze,34.66,35.69,36
2245,test,Gold,109.33,128.6,21
2246,ctrl,Silver,70.56,73.73,18
2247,test,Gold,87.97,107.64,14
2248,ctrl,Bronze,35.39,34.14,26
2249,ctrl,Bronze,22.59,20.03,26
2250,test,Bronze,46.11,48.88,29
2251,test,Silver,60.21,74.58,14
2252,test,Gold,109.62,128.08,25
2253,test,Bronze,48.36,49.51,36
2254,ctrl,Gold,102.56,106.73,22
2255,ctrl,Silver,55.27,57.13,38
2256,test,Bronze,37.16,42.64,40
2257,test,Silver,45.03,52.34,32
2258,test,Gold,87.36,107.88,44
2259,test,Silver,42.08,49.68,39
2260,ctrl,Silver,77.82,78.4,14
2261,ctrl,Silver,78.5,81.48,42
2262,test,Silver,65.67,75.5,22
2263,test,Bronze,26.15,25.75,23
2264,ctrl,Bronze,19.89,19.38,38
2265,ctrl,Silver,70.53,71.1,22
2266,ctrl,Bronze,22.83,23.59,38
2267,test,Bronze,37.63,42.16,17
2268,test,Bronze,34.32,34.66,34
2269,ctrl,Gold,91.63,93.68,39
2270,ctrl,Silver,53.82,49.29,24
2271,test,Silver,60.0,63.2,20
2272,test,Bronze,39.08,39.11,42
2273,ctrl,Silver,65.8,67.49,38
2274,ctrl,Bronze,29.69,29.11,36
2275,test,Gold,91.83,109.89,33
2276,test,Silver,59.16,64.46,25
2277,test,Silver,58.42,62.78,37
2278,ctrl,Silver,92.16,98.96,44
2279,ctrl,Silver,76.75,78.54,18
2280,ctrl,Silver,58.31,55.04,27
2281,test,Silver,76.53,91.3,39
2282,ctrl,Gold,90.99,90.54,30
2283,ctrl,Silver,63.21,64.2,20
2284,ctrl,Silver,55.44,46.23,43
2285,ctrl,Silver,35.38,34.51,16
2286,test,Bronze,35.09,43.22,27
2287,ctrl,Silver,65.87,58.47,31
2288,test,Gold,100.31,126.03,36
2289,test,Bronze,36.37,36.28,20
2290,ctrl,Bronze,39.15,41.18,41
2291,test,Gold,86.86,105.69,29
2292,ctrl,Bronze,28.72,31.25,16
2293,ctrl,Silver,57.73,53.31,26
2294,test,Silver,74.42,76.51,17
2295,ctrl,Bronze,24.0,24.17,34
2296,ctrl,Gold,74.24,70.54,14
2297,test,Bronze,33.24,37.2,35
2298,ctrl,Silver,66.49,68.57,40
2299,ctrl,Silver,44.03,50.31,21
2300,ctrl,Bronze,33.63,31.74,35
2301,test,Gold,145.41,159.3,28
2302,ctrl,Bronze,33.36,35.79,15
2303,ctrl,Bronze,31.94,38.08,33
2304,ctrl,Silver,56.8,60.82,32
2305,ctrl,Gold,85.23,86.31,31
2306,test,Gold,119.42,138.21,39
2307,test,Gold,86.51,105.68,16
2308,ctrl,Bronze,31.55,27.54,18
2309,ctrl,Gold,128.99,130.5,23
2310,ctrl,Silver,27.67,27.15,36
2311,ctrl,Silver,61.73,69.07,32
2312,ctrl,Bronze,26.32,24.45,26
2313,ctrl,Silver,58.67,61.74,43
2314,test,Bronze,40.98,40.12,18
2315,ctrl,Bronze,32.26,27.7,19
2316,ctrl,Silver,78.38,75.85,32
2317,test,Bronze,33.21,34.45,29
2318,ctrl,Bronze,37.37,34.32,28
2319,ctrl,Silver,53.72,54.34,17
2320,test,Silver,58.8,69.88,39
2321,ctrl,Bronze,33.22,33.93,26
2322,test,Silver,34.72,37.22,38
2323,ctrl,Bronze,19.61,20.21,24
2324,test,Silver,64.46,71.09,25
2325,test,Silver,55.43,56.23,15
2326,ctrl,Gold,108.5,110.26,25
2327,test,Bronze,39.83,42.83,18
2328,ctrl,Silver,64.55,63.58,27
2329,test,Silver,72.06,79.64,15
2330,test,Silver,57.37,67.72,34
2331,test,Silver,58.79,70.58,31
2332,test,Silver,59.11,59.58,34
2333,ctrl,Bronze,32.52,34.15,25
2334,test,Silver,68.45,74.48,15
2335,ctrl,Silver,74.88,77.36,36
2336,test,Silver,74.61,80.27,15
2337,ctrl,Silver,42.71,39.0,20
2338,test,Silver,57.2,61.45,41
2339,ctrl,Silver,59.27,57.56,38
2340,ctrl,Silver,48.77,42.36,44
2341,ctrl,Silver,72.84,74.23,14
2342,test,Bronze,51.17,55.81,25
2343,ctrl,Bronze,33.65,31.17,18
2344,ctrl,Bronze,33.36,30.19,33
2345,ctrl,Gold,99.32,97.44,21
2346,ctrl,Silver,72.19,71.63,42
2347,test,Silver,59.31,67.49,18
2348,ctrl,Silver,54.83,52.86,43
2349,ctrl,Gold,95.84,94.56,32
2350,test,Silver,55.1,67.88,26
2351,test,Silver,65.7,73.32,43
2352,ctrl,Gold,96.18,90.0,17
2353,test,Gold,101.33,117.47,44
2354,ctrl,Silver,71.01,77.19,19
2355,ctrl,Silver,65.15,67.14,21
2356,test,Bronze,22.3,28.94,32
2357,test,Bronze,21.89,20.1,31
2358,test,Gold,117.12,138.63,21
2359,test,Gold,78.85,99.27,40
2360,test,Gold,101.88,117.39,14
2361,test,Bronze,39.92,44.57,35
2362,test,Silver,48.73,52.49,16
2363,test,Silver,59.86,67.53,30
2364,test,Gold,115.57,138.28,32
2365,ctrl,Bronze,36.02,36.72,42
2366,ctrl,Gold,89.05,82.25,28
2367,ctrl,Silver,69.06,68.58,23
2368,test,Gold,127.14,143.65,14
2369,ctrl,Bronze,36.06,39.96,30
2370,test,Silver,61.17,71.38,34
2371,ctrl,Gold,110.65,110.99,20
2372,test,Bronze,12.55,12.14,39
2373,test,Silver,56.06,59.18,20
2374,ctrl,Silver,67.14,65.97,41
2375,ctrl,Silver,58.83,57.85,34
2376,test,Bronze,29.24,36.18,22
2377,test,Bronze,37.91,41.43,15
2378,ctrl,Silver,60.39,58.2,43
2379,ctrl,Bronze,29.39,21.77,36
2380,ctrl,Silver,79.43,85.18,15
2381,test,Gold,131.51,153.4,25
2382,test,Bronze,17.21,18.6,32
2383,test,Bronze,24.13,24.51,25
2384,ctrl,Silver,56.79,60.66,43
2385,test,Silver,40.25,48.29,40
2386,ctrl,Silver,63.71,64.61,36
2387,ctrl,Gold,125.79,130.47,19
2388,test,Gold,63.15,78.69,17
2389,ctrl,Gold,69.27,73.85,23
2390,test,Silver,55.4,67.31,23
2391,test,Silver,55.44,62.51,38
2392,test,Bronze,21.83,19.9,33
2393,test,Gold,82.59,100.01,38
2394,ctrl,Bronze,43.25,43.26,42
2395,ctrl,Silver,62.09,61.69,27
2396,ctrl,Bronze,25.6,23.46,26
2397,test,Silver,58.5,67.84,42
2398,ctrl,Silver,52.34,51.18,18
2399,test,Bronze,37.32,38.83,33
2400,test,Silver,79.81,93.18,14
2401,ctrl,Gold,102.64,111.65,32
2402,ctrl,Silver,76.06,74.96,38
2403,ctrl,Silver,60.01,57.49,36
2404,ctrl,Silver,64.34,65.37,14
2405,test,Gold,105.2,123.02,26
2406,test,Silver,45.4,50.6,43
2407,ctrl,Bronze,26.84,29.12,44
2408,test,Bronze,23.09,30.76,28
2409,test,Silver,55.38,62.82,43
2410,test,Silver,76.86,87.33,17
2411,ctrl,Gold,107.18,103.77,40
2412,test,Bronze,28.92,30.34,15
2413,test,Gold,92.15,114.75,39
2414,test,Silver,75.74,85.83,23
2415,ctrl,Silver,62.21,59.63,44
2416,ctrl,Gold,78.19,81.88,39
2417,ctrl,Silver,71.3,71.29,43
2418,test,Gold,85.72,107.93,22
2419,ctrl,Bronze,22.11,24.76,27
2420,test,Gold,89.8,109.81,19
2421,ctrl,Bronze,24.5,25.85,25
2422,ctrl,Bronze,21.96,18.91,38
2423,test,Silver,79.04,89.43,26
2424,test,Bronze,52.8,56.15,15
2425,test,Bronze,27.46,28.01,16
2426,test,Silver,46.14,54.69,21
2427,test,Bronze,38.99,40.28,30
2428,test,Silver,59.85,71.36,44
2429,ctrl,Silver,65.17,69.0,37
2430,ctrl,Silver,64.31,68.07,20
2431,test,Bronze,36.71,36.07,29
2432,ctrl,Bronze,23.18,23.41,19
2433,ctrl,Bronze,24.89,30.15,31
2434,test,Silver,33.91,38.69,18
2435,test,Silver,61.13,72.13,14
2436,ctrl,Gold,103.25,107.62,43
2437,ctrl,Gold,127.0,129.9,35
2438,ctrl,Silver,78.17,79.94,18
2439,test,Gold,109.59,127.28,42
2440,test,Silver,70.33,78.34,42
2441,test,Gold,97.5,121.51,37
2442,ctrl,Bronze,25.43,30.5,31
2443,test,Bronze,32.86,37.8,29
2444,test,Silver,57.76,68.01,38
2445,test,Bronze,40.57,48.39,32
2446,test,Silver,59.04,61.92,33
2447,ctrl,Silver,43.14,40.54,26
2448,test,Gold,120.17,137.08,18
2449,ctrl,Bronze,30.35,22.04,31
2450,ctrl,Silver,55.99,53.49,22
2451,test,Bronze,31.62,28.97,42
2452,ctrl,Bronze,33.71,36.5,18
2453,test,Gold,114.16,135.12,23
2454,ctrl,Silver,67.35,69.07,39
2455,ctrl,Silver,87.79,86.64,18
2456,ctrl,Bronze,30.61,30.19,23
2457,test,Silver,72.17,78.7,30
2458,ctrl,Bronze,36.83,33.83,17
2459,ctrl,Silver,77.88,73.38,37
2460,ctrl,Bronze,23.88,20.36,22
2461,test,Bronze,28.96,28.98,15
2462,test,Silver,39.52,40.95,27
2463,test,Gold,78.18,103.16,34
2464,ctrl,Gold,97.71,97.02,21
2465,test,Bronze,21.95,22.79,42
2466,test,Silver,70.52,77.87,18
2467,test,Bronze,32.17,33.69,14
2468,ctrl,Gold,114.44,112.28,26
2469,ctrl,Gold,102.6,100.7,33
2470,test,Silver,57.94,65.04,37
2471,test,Silver,54.75,61.64,32
2472,ctrl,Silver,72.25,73.85,26
2473,ctrl,Bronze,31.79,31.66,28
2474,ctrl,Gold,102.25,97.05,14
2475,test,Silver,57.98,61.58,15
2476,ctrl,Silver,60.03,63.35,30
2477,ctrl,Bronze,25.91,22.41,27
2478,ctrl,Bronze,43.34,40.83,40
2479,ctrl,Gold,125.6,127.71,16
2480,test,Silver,49.95,59.76,14
2481,ctrl,Silver,61.24,63.97,41
2482,ctrl,Bronze,34.6,37.19,44
2483,test,Gold,117.08,140.7,18
2484,test,Gold,83.31,100.42,14
2485,ctrl,Silver,78.21,78.39,38
2486,test,Silver,84.41,90.78,40
2487,test,Bronze,27.38,27.15,32
2488,ctrl,Silver,72.19,68.39,26
2489,test,Gold,123.11,139.59,33
2490,ctrl,Bronze,34.97,33.09,33
2491,ctrl,Silver,66.47,65.98,34
2492,ctrl,Silver,70.17,69.75,37
2493,test,Silver,72.28,83.83,43
2494,ctrl,Silver,57.87,57.35,35
2495,ctrl,Silver,65.3,60.89,43
2496,ctrl,Gold,87.47,94.28,42
2497,test,Gold,56.9,78.97,39
2498,test,Silver,64.83,75.14,35
2499,ctrl,Silver,67.06,72.48,23
2500,test,Silver,65.42,71.34,14
2501,test,Bronze,30.8,32.01,34
2502,ctrl,Bronze,39.63,41.93,22
2503,ctrl,Bronze,38.35,36.9,28
2504,test,Gold,93.8,111.66,44
2505,ctrl,Gold,120.64,117.73,27
2506,test,Bronze,28.87,30.3,23
2507,test,Bronze,22.52,19.53,20
2508,test,Bronze,40.96,42.93,27
2509,test,Silver,64.76,68.36,29
2510,ctrl,Bronze,39.51,37.08,33
2511,ctrl,Bronze,20.81,16.53,24
2512,test,Silver,53.37,66.07,20
2513,test,Silver,63.83,68.81,28
2514,test,Bronze,23.03,26.39,23
2515,ctrl,Gold,140.28,135.57,17
2516,test,Silver,52.85,61.2,30
2517,ctrl,Gold,115.13,119.89,16
2518,ctrl,Bronze,37.27,37.65,15
2519,test,Silver,68.41,82.38,40
2520,test,Silver,66.47,72.86,32
2521,test,Silver,68.24,74.23,32
2522,test,Bronze,35.17,35.46,40
2523,ctrl,Bronze,28.91,30.86,34
2524,test,Silver,67.89,76.53,18
2525,test,Silver,81.54,91.66,28
2526,ctrl,Silver,52.25,49.77,17
2527,test,Silver,61.26,64.92,26
2528,ctrl,Silver,73.26,71.31,31
2529,ctrl,Gold,100.35,102.07,40
2530,test,Silver,63.96,71.47,23
2531,ctrl,Gold,94.86,101.59,21
2532,ctrl,Silver,56.18,55.66,19
2533,test,Bronze,25.82,30.22,23
2534,test,Silver,43.35,52.58,41
2535,test,Silver,71.78,81.74,30
2536,ctrl,Silver,38.03,39.0,20
2537,test,Bronze,18.36,24.02,35
2538,test,Bronze,19.59,23.84,25
2539,ctrl,Silver,54.18,54.44,35
2540,ctrl,Bronze,20.49,25.31,31
2541,test,Silver,56.12,62.87,39
2542,ctrl,Silver,62.16,63.39,40
2543,ctrl,Gold,100.8,102.7,15
2544,ctrl,Silver,49.26,49.54,21
2545,test,Bronze,30.2,32.65,15
2546,ctrl,Gold,112.69,108.7,32
2547,test,Silver,54.09,64.25,22
2548,test,Gold,99.03,120.21,27
2549,test,Bronze,32.35,37.6,27
2550,ctrl,Bronze,21.56,26.36,21
2551,ctrl,Silver,42.24,46.75,30
2552,test,Bronze,36.24,38.8,32
2553,test,Gold,98.92,121.47,36
2554,test,Bronze,20.42,18.12,44
2555,ctrl,Silver,52.71,58.2,21
2556,test,Silver,72.7,82.75,31
2557,test,Silver,49.0,56.81,35
2558,test,Bronze,24.47,22.53,18
2559,test,Silver,53.93,62.66,24
2560,ctrl,Bronze,36.22,39.3,41
2561,test,Silver,52.67,59.37,14
2562,test,Gold,104.32,121.51,33
2563,ctrl,Silver,55.28,57.17,18
2564,ctrl,Silver,77.79,78.96,28
2565,test,Bronze,28.28,32.03,32
2566,test,Bronze,42.56,43.43,23
2567,test,Silver,50.19,60.21,41
2568,test,Silver,60.86,64.1,27
2569,test,Silver,77.47,89.03,42
2570,test,Silver,58.01,71.61,22
2571,test,Gold,95.68,114.81,18
2572,test,Gold,94.8,109.19,43
2573,ctrl,Silver,54.8,56.78,22
2574,test,Bronze,33.87,36.92,17
2575,ctrl,Silver,48.07,43.3,40
2576,ctrl,Gold,90.57,87.69,24
2577,ctrl,Bronze,24.36,24.87,22
2578,test,Gold,106.0,127.04,42
2579,test,Gold,82.84,102.23,15
2580,ctrl,Bronze,39.69,36.02,40
2581,ctrl,Bronze,19.12,26.81,38
2582,ctrl,Gold,93.62,95.37,40
2583,ctrl,Silver,62.89,60.84,20
2584,ctrl,Silver,69.8,72.75,40
2585,test,Bronze,27.46,31.26,18
2586,ctrl,Silver,63.1,59.93,40
2587,ctrl,Silver,44.02,43.84,33
2588,ctrl,Bronze,26.7,25.11,40
2589,ctrl,Bronze,16.84,17.46,29
2590,ctrl,Silver,58.37,60.37,20
2591,ctrl,Gold,102.23,102.73,28
2592,ctrl,Silver,51.32,53.16,15
2593,test,Bronze,27.89,28.41,35
2594,ctrl,Bronze,29.73,28.57,22
2595,test,Gold,88.39,99.22,42
2596,ctrl,Bronze,36.65,39.5,30
2597,test,Silver,56.72,69.89,14
2598,test,Gold,91.85,108.55,44
2599,ctrl,Bronze,18.04,17.05,20
2600,ctrl,Silver,67.37,71.32,38
2601,ctrl,Bronze,13.19,16.31,35
2602,ctrl,Silver,39.3,39.59,21
2603,test,Bronze,23.01,22.73,30
2604,ctrl,Gold,85.06,86.58,40
2605,test,Silver,59.53,69.6,21
2606,test,Bronze,53.16,52.81,15
2607,test,Silver,68.28,79.03,22
2608,ctrl,Bronze,30.39,28.83,29
2609,test,Silver,49.9,60.7,26
2610,test,Bronze,30.18,36.3,32
2611,ctrl,Bronze,31.78,31.64,21
2612,ctrl,Gold,93.55,93.2,36
2613,test,Bronze,22.26,24.32,25
2614,ctrl,Silver,51.11,49.16,24
2615,ctrl,Bronze,27.2,27.18,16
2616,test,Bronze,29.05,34.1,30
2617,ctrl,Bronze,34.79,35.73,24
2618,test,Bronze,30.51,34.31,34
2619,test,Silver,62.48,68.22,39
2620,test,Gold,105.93,124.52,17
2621,test,Gold,92.09,111.13,15
2622,ctrl,Silver,57.85,56.34,41
2623,test,Bronze,19.71,22.12,34
2624,ctrl,Bronze,39.86,35.87,42
2625,ctrl,Bronze,38.75,40.29,16
2626,test,Silver,63.31,68.85,44
2627,test,Gold,81.99,103.43,42
2628,ctrl,Silver,71.7,70.89,36
2629,test,Bronze,38.73,39.24,23
2630,test,Bronze,39.53,43.73,33
2631,ctrl,Silver,82.36,77.62,19
2632,test,Silver,61.95,74.02,36
2633,ctrl,Silver,67.74,72.19,39
2634,ctrl,Silver,49.27,52.1,29
2635,ctrl,Silver,53.2,50.16,18
2636,ctrl,Gold,120.48,124.19,32
2637,test,Bronze,42.5,45.21,44
2638,test,Silver,66.64,71.14,40
2639,test,Silver,40.38,44.02,42
2640,test,Silver,60.72,69.35,35
2641,ctrl,Bronze,23.23,24.44,16
2642,test,Silver,63.93,74.86,23
2643,ctrl,Bronze,28.6,32.87,40
2644,test,Bronze,26.58,27.58,23
2645,ctrl,Gold,88.09,85.78,37
2646,test,Bronze,33.48,34.59,25
2647,ctrl,Bronze,41.11,39.85,20
2648,ctrl,Silver,70.59,68.42,33
2649,test,Bronze,37.0,33.35,28
2650,ctrl,Gold,131.9,129.76,40
2651,ctrl,Bronze,49.16,49.06,34
2652,test,Gold,80.97,92.8,18
2653,ctrl,Bronze,34.1,35.99,33
2654,test,Silver,66.44,78.35,40
2655,ctrl,Silver,64.16,69.15,34
2656,ctrl,Gold,97.1,97.47,21
2657,test,Silver,39.2,47.27,15
2658,ctrl,Bronze,25.16,24.23,33
2659,ctrl,Silver,59.78,59.1,42
2660,ctrl,Gold,94.31,90.26,28
2661,test,Gold,94.25,113.31,20
2662,ctrl,Bronze,33.78,30.76,32
2663,test,Bronze,22.2,26.64,34
2664,test,Bronze,31.75,33.62,17
2665,test,Silver,57.49,59.81,40
2666,ctrl,Bronze,33.81,34.13,39
2667,test,Silver,58.18,70.48,20
2668,ctrl,Bronze,18.51,25.26,28
2669,test,Gold,100.69,125.72,39
2670,ctrl,Bronze,24.46,28.94,19
2671,test,Bronze,22.77,23.99,14
2672,ctrl,Bronze,44.78,45.2,35
2673,ctrl,Silver,53.03,57.62,18
2674,ctrl,Gold,100.5,100.4,41
2675,test,Silver,54.81,68.59,41
2676,test,Bronze,29.94,30.78,19
2677,ctrl,Bronze,27.0,28.46,24
2678,test,Bronze,38.93,45.13,24
2679,ctrl,Silver,69.37,71.49,20
2680,test,Bronze,40.58,40.7,29
2681,test,Silver,76.95,87.48,17
2682,ctrl,Bronze,33.52,31.17,23
2683,test,Bronze,33.27,42.5,37
2684,test,Silver,67.77,76.35,24
2685,test,Gold,64.8,85.63,40
2686,ctrl,Silver,84.29,86.64,36
2687,test,Bronze,27.91,27.23,15
2688,test,Silver,62.24,70.35,32
2689,ctrl,Silver,60.03,54.93,29
2690,ctrl,Bronze,25.66,27.07,39
2691,test,Silver,79.51,89.96,17
2692,ctrl,Bronze,28.56,26.05,19
2693,test,Silver,70.25,77.56,36
2694,ctrl,Silver,50.24,54.21,37
2695,ctrl,Silver,73.88,72.28,22
2696,test,Silver,40.3,51.79,24
2697,ctrl,Bronze,47.88,50.08,40
2698,ctrl,Bronze,29.69,27.42,16
2699,test,Bronze,17.58,18.58,44
2700,ctrl,Silver,57.19,55.69,32
2701,test,Gold,86.92,108.26,38
2702,ctrl,Bronze,37.8,36.26,38
2703,ctrl,Silver,60.94,65.83,25
2704,ctrl,Silver,65.06,65.08,20
2705,test,Gold,84.48,95.54,30
2706,ctrl,Gold,94.98,94.99,27
2707,ctrl,Bronze,36.15,36.91,25
2708,test,Bronze,14.99,16.1,16
2709,ctrl,Silver,83.72,86.31,26
2710,ctrl,Gold,115.82,114.37,25
2711,ctrl,Gold,116.0,112.86,31
2712,ctrl,Silver,62.54,64.6,24
2713,ctrl,Silver,81.5,89.35,16
2714,ctrl,Gold,108.68,107.4,15
2715,ctrl,Silver,66.97,70.22,27
2716,ctrl,Silver,48.89,47.59,26
2717,ctrl,Bronze,26.56,29.89,41
2718,ctrl,Gold,90.26,88.45,19
2719,ctrl,Bronze,26.07,28.42,14
2720,ctrl,Silver,56.82,55.61,17
2721,test,Bronze,28.84,30.44,25
2722,test,Bronze,36.94,40.95,32
2723,test,Gold,111.84,135.57,34
2724,ctrl,Silver,61.07,58.33,22
2725,test,Silver,63.96,66.64,16
2726,ctrl,Silver,64.84,64.67,18
2727,ctrl,Bronze,26.19,24.45,41
2728,test,Bronze,29.18,30.46,22
2729,ctrl,Silver,48.56,48.24,41
2730,ctrl,Bronze,37.77,37.68,15
2731,test,Bronze,28.41,32.53,42
2732,ctrl,Silver,74.88,73.92,36
2733,ctrl,Gold,81.5,80.95,27
2734,test,Gold,67.12,91.89,40
2735,ctrl,Silver,64.76,65.05,36
2736,test,Bronze,37.63,39.48,35
2737,test,Bronze,35.63,35.36,23
2738,test,Bronze,29.93,31.78,21
2739,ctrl,Silver,51.79,56.77,37
2740,test,Silver,41.09,48.87,19
2741,ctrl,Silver,57.94,56.84,17
2742,ctrl,Bronze,34.62,37.63,21
2743,ctrl,Bronze,28.67,31.1,42
2744,test,Silver,69.61,80.07,30
2745,ctrl,Silver,77.8,82.16,35
2746,test,Silver,57.65,67.36,42
2747,test,Bronze,34.48,39.29,38
2748,test,Bronze,14.07,17.02,20
2749,test,Gold,104.44,125.53,17
2750,ctrl,Bronze,37.43,40.9,26
2751,test,Bronze,31.15,30.32,31
2752,ctrl,Gold,112.78,111.09,43
2753,test,Gold,113.74,133.19,20
2754,test,Bronze,25.01,29.3,14
2755,test,Silver,72.48,81.47,16
2756,test,Silver,44.69,49.12,18
2757,ctrl,Silver,55.89,54.03,29
2758,ctrl,Bronze,26.24,23.39,21
2759,test,Silver,55.6,60.3,36
2760,test,Bronze,25.22,28.3,28
2761,ctrl,Bronze,28.69,32.29,40
2762,ctrl,Silver,63.09,67.76,25
2763,ctrl,Bronze,30.18,33.52,36
2764,ctrl,Bronze,29.81,27.4,42
2765,ctrl,Bronze,38.5,36.17,35
2766,ctrl,Bronze,42.3,40.18,22
2767,ctrl,Bronze,15.24,16.65,43
2768,test,Silver,81.03,84.9,25
2769,test,Bronze,18.19,17.14,15
2770,ctrl,Silver,65.97,63.58,31
2771,ctrl,Bronze,34.43,33.91,36
2772,ctrl,Bronze,35.93,34.18,23
2773,ctrl,Silver,67.7,69.65,28
2774,test,Silver,61.46,68.34,31
2775,ctrl,Gold,99.79,100.29,40
2776,test,Bronze,35.51,30.64,29
2777,ctrl,Bronze,18.23,18.26,24
2778,test,Silver,65.43,75.39,22
2779,test,Silver,73.65,82.66,14
2780,ctrl,Bronze,24.76,20.05,14
2781,test,Bronze,20.08,23.01,31
2782,ctrl,Bronze,23.89,24.08,18
2783,test,Bronze,18.25,15.62,26
2784,test,Gold,101.61,116.95,38
2785,test,Silver,63.58,77.2,43
2786,ctrl,Silver,62.47,62.2,27
2787,test,Silver,71.33,77.25,17
2788,ctrl,Silver,69.41,71.88,26
2789,ctrl,Bronze,31.95,30.14,39
2790,ctrl,Bronze,26.69,27.21,40
2791,ctrl,Silver,70.83,72.02,14
2792,test,Silver,86.22,90.86,26
2793,test,Bronze,18.66,19.26,15
2794,test,Bronze,38.95,38.18,37
2795,ctrl,Gold,103.08,105.45,25
2796,test,Bronze,28.31,27.93,36
2797,ctrl,Bronze,18.08,24.22,44
2798,test,Silver,53.05,66.14,15
2799,test,Bronze,27.49,28.72,19
2800,test,Bronze,19.28,15.01,21
2801,test,Silver,56.66,65.27,20
2802,ctrl,Silver,57.79,59.68,22
2803,test,Silver,60.14,64.88,20
2804,ctrl,Bronze,33.08,33.55,43
2805,ctrl,Gold,91.37,93.05,15
2806,test,Bronze,26.56,26.37,19
2807,ctrl,Gold,131.97,127.74,20
2808,ctrl,Gold,77.77,77.0,30
2809,ctrl,Bronze,33.07,31.97,38
2810,ctrl,Bronze,36.54,40.38,15
2811,test,Silver,69.33,74.38,37
2812,test,Silver,30.5,39.19,19
2813,ctrl,Silver,59.21,64.36,25
2814,ctrl,Gold,100.56,100.19,14
2815,ctrl,Bronze,29.58,31.68,26
2816,ctrl,Gold,112.34,110.07,16
2817,ctrl,Silver,58.07,57.88,41
2818,test,Bronze,32.73,36.84,35
2819,test,Bronze,25.03,29.46,41
2820,test,Silver,39.52,41.07,36
2821,ctrl,Bronze,24.68,21.25,24
2822,ctrl,Silver,68.33,69.74,15
2823,test,Gold,95.22,114.41,24
2824,test,Bronze,36.78,38.69,34
2825,ctrl,Bronze,29.04,27.55,30
2826,ctrl,Bronze,29.52,25.87,30
2827,ctrl,Silver,60.68,60.32,35
2828,ctrl,Silver,51.51,47.19,33
2829,test,Gold,103.09,126.43,21
2830,ctrl,Silver,63.26,59.8,44
2831,ctrl,Bronze,30.91,34.32,41
2832,test,Gold,108.21,128.29,43
2833,test,Gold,97.79,123.19,26
2834,test,Silver,55.88,64.49,37
2835,test,Gold,124.56,142.88,18
2836,test,Silver,70.66,78.56,44
2837,ctrl,Bronze,26.35,22.51,14
2838,test,Silver,65.77,74.94,42
2839,test,Silver,59.33,73.42,44
2840,test,Bronze,30.54,32.59,42
2841,test,Silver,59.71,62.8,31
2842,ctrl,Silver,80.76,87.04,17
2843,test,Silver,46.97,58.47,36
2844,test,Silver,62.08,69.32,44
2845,test,Silver,65.38,78.33,24
2846,test,Bronze,33.08,33.03,32
2847,ctrl,Silver,69.06,73.35,33
2848,ctrl,Gold,68.41,69.55,29
2849,test,Gold,131.59,150.25,41
2850,test,Silver,37.61,41.23,17
2851,ctrl,Silver,54.38,53.69,18
2852,ctrl,Silver,43.96,42.62,16
2853,test,Bronze,28.27,29.07,23
2854,test,Silver,69.89,74.85,31
2855,test,Bronze,30.13,34.4,37
2856,ctrl,Bronze,32.41,38.5,25
2857,test,Bronze,27.76,29.58,40
2858,test,Silver,80.08,84.13,32
2859,ctrl,Silver,78.42,72.61,43
2860,test,Gold,123.0,141.66,22
2861,test,Bronze,27.25,29.08,20
2862,ctrl,Silver,75.01,75.84,16
2863,ctrl,Bronze,18.29,15.51,38
2864,ctrl,Gold,112.29,109.5,15
2865,test,Silver,56.16,64.8,38
2866,ctrl,Silver,47.81,45.79,29
2867,ctrl,Bronze,21.45,26.88,14
2868,test,Bronze,30.04,36.28,19
2869,test,Silver,77.04,87.81,26
2870,ctrl,Gold,76.23,74.01,26
2871,ctrl,Silver,58.9,58.29,15
2872,ctrl,Silver,52.6,52.65,17
2873,test,Bronze,24.3,30.94,15
2874,test,Bronze,35.95,40.22,33
2875,test,Bronze,31.43,38.92,31
2876,ctrl,Bronze,19.26,15.92,22
2877,ctrl,Bronze,35.38,34.03,27
2878,test,Silver,66.56,79.28,33
2879,test,Silver,80.81,89.54,28
2880,ctrl,Bronze,43.87,41.93,41
2881,ctrl,Silver,67.37,69.73,14
2882,ctrl,Silver,61.91,62.69,18
2883,test,Bronze,35.81,38.35,23
2884,ctrl,Silver,62.44,58.03,22
2885,test,Bronze,20.95,28.43,39
2886,test,Gold,82.54,103.1,22
2887,test,Bronze,17.8,18.97,19
2888,ctrl,Silver,59.26,55.46,19
2889,ctrl,Silver,32.4,28.27,27
2890,ctrl,Bronze,20.32,27.12,44
2891,ctrl,Gold,114.81,114.32,29
2892,ctrl,Bronze,29.1,27.73,32
2893,test,Bronze,22.17,21.49,14
2894,ctrl,Gold,104.46,98.99,19
2895,test,Silver,69.2,76.95,31
2896,test,Silver,74.35,83.1,40
2897,ctrl,Silver,49.82,51.77,27
2898,ctrl,Silver,57.97,62.36,37
2899,test,Silver,54.31,58.97,23
2900,test,Bronze,22.64,24.47,26
2901,ctrl,Silver,60.26,63.15,38
2902,test,Silver,67.48,75.12,39
2903,ctrl,Gold,101.69,101.54,31
2904,ctrl,Bronze,42.26,48.38,41
2905,test,Gold,113.49,132.13,16
2906,ctrl,Silver,49.85,50.32,14
2907,ctrl,Silver,84.41,84.75,21
2908,test,Silver,46.12,56.32,41
2909,ctrl,Bronze,33.59,32.64,26
2910,ctrl,Bronze,35.96,33.33,33
2911,ctrl,Silver,49.92,49.68,19
2912,ctrl,Silver,60.04,61.57,20
2913,test,Bronze,29.79,31.28,29
2914,test,Silver,48.14,53.96,18
2915,ctrl,Bronze,36.07,38.38,18
2916,test,Gold,96.39,114.23,41
2917,ctrl,Bronze,43.92,40.51,15
2918,test,Silver,44.5,51.14,31
2919,ctrl,Bronze,28.7,29.93,15
2920,ctrl,Silver,65.89,68.83,44
2921,ctrl,Bronze,24.72,27.21,32
2922,ctrl,Bronze,25.32,23.84,14
2923,test,Bronze,16.93,15.73,25
2924,ctrl,Bronze,18.69,18.61,44
2925,test,Bronze,10.95,10.35,41
2926,ctrl,Gold,111.24,114.27,30
2927,test,Gold,105.86,127.95,19
2928,test,Bronze,30.94,34.56,29
2929,test,Bronze,25.17,29.6,24
2930,test,Silver,74.06,80.52,20
2931,ctrl,Bronze,30.63,34.4,44
2932,test,Bronze,43.38,48.05,36
2933,ctrl,Bronze,35.46,29.93,42
2934,ctrl,Silver,60.72,58.26,40
2935,ctrl,Silver,59.37,61.87,22
2936,ctrl,Bronze,32.59,31.97,40
2937,test,Bronze,39.55,46.57,17
2938,ctrl,Silver,83.86,85.5,40
2939,test,Bronze,40.33,42.31,44
2940,ctrl,Silver,70.07,69.61,35
2941,test,Silver,70.43,75.24,14
2942,test,Silver,56.82,65.41,25
2943,ctrl,Silver,48.89,48.73,41
2944,test,Silver,52.95,64.79,33
2945,test,Silver,64.11,72.14,38
2946,ctrl,Gold,91.72,85.09,33
2947,test,Bronze,38.33,40.14,33
2948,test,Gold,76.77,93.92,35
2949,ctrl,Silver,43.41,42.31,27
2950,test,Silver,47.19,56.93,25
2951,ctrl,Gold,101.03,102.77,28
2952,ctrl,Gold,100.1,96.52,40
2953,test,Bronze,37.55,39.49,32
2954,ctrl,Silver,65.75,63.61,42
2955,test,Bronze,18.03,16.79,37
2956,ctrl,Bronze,16.17,14.41,40
2957,ctrl,Silver,56.04,57.7,24
2958,ctrl,Silver,72.48,75.18,44
2959,test,Gold,83.59,105.41,34
2960,test,Bronze,35.99,39.81,42
2961,test,Bronze,25.05,28.79,26
2962,ctrl,Silver,56.11,60.04,25
2963,test,Silver,48.34,58.14,15
2964,ctrl,Silver,57.14,55.84,44
2965,ctrl,Silver,41.42,42.14,42
2966,test,Bronze,25.01,27.33,42
2967,test,Gold,88.95,108.95,17
2968,test,Bronze,16.48,16.55,17
2969,test,Silver,52.75,54.74,40
2970,ctrl,Gold,106.04,104.59,36
2971,ctrl,Silver,66.5,60.83,28
2972,ctrl,Bronze,41.95,38.41,14
2973,test,Bronze,23.87,23.04,16
2974,ctrl,Silver,60.45,64.08,25
2975,test,Silver,62.05,72.3,32
2976,ctrl,Bronze,20.15,17.96,34
2977,ctrl,Silver,59.57,61.02,33
2978,ctrl,Silver,66.78,63.07,41
2979,test,Gold,99.9,120.6,38
2980,test,Silver,48.9,60.02,24
2981,ctrl,Silver,69.06,68.4,20
2982,ctrl,Bronze,26.41,27.51,44
2983,ctrl,Silver,75.43,73.43,36
2984,ctrl,Gold,84.6,82.65,14
2985,ctrl,Bronze,43.07,38.54,23
2986,ctrl,Silver,61.5,60.06,40
2987,test,Gold,113.16,134.25,36
2988,ctrl,Silver,82.3,81.42,19
2989,test,Bronze,27.68,27.81,38
2990,ctrl,Bronze,28.48,32.19,25
2991,test,Silver,52.05,63.28,44
2992,ctrl,Gold,95.59,96.52,21
2993,test,Silver,46.39,53.32,43
2994,ctrl,Bronze,37.38,40.55,41
2995,test,Gold,107.48,131.88,36
2996,test,Gold,95.96,120.44,23
2997,ctrl,Silver,64.5,68.18,43
2998,ctrl,Bronze,34.32,30.92,26
2999,ctrl,Bronze,32.74,31.04,26
3000,test,Silver,73.72,76.35,42
